crno,sic_name,enp_rpr_fnm,address,homepage,enp_main_biz_name,corp_name
1344110001387,,곽노정,경기도 이천시  부발읍 경충대로 2091,www.skhynix.com,,SK하이닉스
1301110006246,,"전영현, 노태문",경기도 수원시 영통구  삼성로 129 (매탄동),www.samsung.com/sec,,삼성전자
1351110052892,,"서승우, 윤병호",경기도 수원시 영통구 창룡대로 256번길 76(이의동) 덴티움지식산업센터,www.dentium.co.kr,,덴티움
1101110028955,,최희남,서울특별시 서대문구  충정로 8 종근당빌딩,www.ckd-holdings.com,,종근당홀딩스
1101110115504,,"김기병, 백현, 김한준",제주특별자치도 제주시 노연로 12 (노형동),lottetour.com,,롯데관광개발
1801110618091,,"양준영, 최창호(각자대표이사)",부산광역시 부산진구 새싹로 73 -,cyholdings.kr,,진양홀딩스
1244110000662,,이창주,서울특별시 서초구 방배천로2길 12 사조빌딩,do.sajo.co.kr,,사조동아원
1101116139277,,"윤웅섭, 이재준(공동 대표이사)",서울특별시 서초구 바우뫼로27길 2,www.ildong.com,,일동제약
1101110014219,,대표이사 회  장 강병중 대표이사 부회장 강호찬 대표이사 사  장 김현석,경상남도 양산시  충렬로 355 넥센타이어,www.nexentire.com,,넥센타이어
1201110046476,,윤현도,"인천광역시 남동구  은봉로 111 49동 1호(논현동, 남동공단)",www.kishin.com,,기신정기
1101116555770,,민승배,서울특별시 강남구 테헤란로 405 BGF사옥,www.bgfretail.com,,BGF리테일
1201110014027,,정진서,인천광역시 서구  백범로934번길 23,www.icgas.co.kr,,인천도시가스
1101111873755,,"Park, Kwan Ho",경기도 성남시 분당구 대왕판교로 644번길 49 (삼평동 코리아벤처타운 업무시설비블럭 아이레보타워),wemade.com,,위메이드
1201110000323,,"승현창, 박세진(각자대표)",인천광역시 서구 가정로37번길 50,www.handscorp.co.kr,,핸즈코퍼레이션
1101110039209,,박원호 조윤형,서울특별시 강남구  논현로 703,www.di.co.kr,,디아이
1901110001872,,"장세홍, 이병제 (각자대표)",경상남도 창원시 성산구  공단로103번길 12 한국철강(주),www.kiscoholdings.co.kr,,KISCO홀딩스
1801110002591,,이승봉,부산광역시 남구  신선로 250 (용당동),www.shell.co.kr,,한국쉘석유
1101111516933,,신익현,경기도 용인시 기흥구 마북로 207 엘아이지넥스원(주),www.lignex1.com,,LIG넥스원
1601110406466,,박용근,대전광역시 유성구 죽동로 141 2층,www.tomocube.com,,토모큐브
1942110036336,,이용배,경상남도 창원시 의창구  창원대로 488,www.hyundai-rotem.co.kr,,현대로템
1101111775894,,김후식,경기도 안양시 동안구 부림로 17041-3,www.vieworks.com,,뷰웍스
1101110015639,,"손경식, 김홍기","서울특별시 중구 소월로2길 12 (남대문로5가, CJ THE CENTER)",www.cj.net,,CJ
1748110026107,,송준호,대구광역시 달성군 다사읍 세천로8길 26,www.pimkorea.com,,한국피아이엠
1701110021816,,"이은우, 박승룡",경상북도 경산시  진량읍 북리1길  69,www.dwmic.com,,동원금속
1101110609771,,우종웅,서울특별시 중구  을지로 16 프레지던트호텔 5층 모두투어네트워크,www.modetour.co.kr,,모두투어
1101110991467,,박성주,인천광역시 연수구 하모니로187번길 33 송도동,www.yujinrobot.com,,유진로봇
2301110143443,,최지용,울산광역시 북구 매곡산업로 21,www.hyms.kr,,현대힘스
1101110393283,,김종윤,서울특별시 영등포구 은행로 17,www.niceinfo.co.kr,,NICE평가정보
1545110002355,,"이병구, 이창우(각자 대표이사)",충청북도 음성군 삼성면 금일로965번길 105,www.nepes.co.kr,,네패스
1101111521700,,조정일,서울특별시 영등포구  은행로 3 익스콘벤처타워 8층,konai.com,,코나아이
1313110033856,,노시철,경기도 평택시  산단로15번길 28,interojo.com,,인터로조
1101111303140,,인유성,서울특별시 중구 을지로 100파인에비뉴 B동 19층,www.redcap.co.kr,,레드캡투어
1501110219184,,"각자 대표이사 최문호, 김장우",충청북도 청주시 청원구 오창읍 2산단로 100 송대리 329,www.ecoprobm.co.kr,,에코프로비엠
1101111957195,,"지용석,김정수,박기수(각자대표)",경기도 용인시 기흥구 탑실로35번길 14 한국알콜산업그룹빌딩,www.enftech.com/,,이엔에프테크놀로지
1101115974020,,이상훈,서울 강남구 봉은사로 456 에이비엘바이오빌딩,www.ablbio.com,,에이비엘바이오
1101110186638,,최창복,대구광역시 달성군  논공읍 논공로53길 36 이수페타시스,www.petasys.com,,이수페타시스
1101110221939,,"남궁범, 하나오카 타쿠로",서울 중구 순화동 168 에스원빌딩 17층 총무팀,www.s1.co.kr,,에스원
1101117173224,,도병운,"서울특별시 영등포구 여의공원로 115, 14층",www.igisvaluereit.com,,이지스밸류플러스리츠
1801110073922,,장희상,부산광역시 강서구  녹산산단27로 67,www.taewoong.com,,태웅
1101110155451,,"최금락, 최진국 (각자대표)",경기도 광명시 신기로 20 -,www.taeyoung.com,,태영건설
1146710001456,,김동철,전라남도 나주시 전력로 55 -,www.kepco.co.kr,,한국전력공사
1812110000922,,"윤성희, 배운교",울산광역시 북구  효암로 366,www.duckyang.co.kr,,디와이덕양
1243110003379,,홍순겸,경기도 안산시 단원구 해봉로255번길 16,www.dypiston.co.kr,,DYP
1101110024698,,강길순,서울특별시 종로구  자하문로 77 유남빌딩,www.kpic.co.kr,,대한유화
2101110086548,,양성모,전라북도 완주군 봉동읍 완주산단5로 97-46,hysolus.co.kr,,일진하이솔루스
1358110238402,,배수아,경기도 화성시 삼성1로5길 39,www.cnccosmetic.com,,씨앤씨인터내셔널
1101113645772,,김창한,서울특별시 강남구 테헤란로 231,www.krafton.com,,크래프톤
1101110725064,,"변성준, 김연수 (각자대표)","경기도 성남시 분당구 대왕판교로644번길 49 (삼평동, 한컴타워)",www.hancom.com,,한글과컴퓨터
1101110532633,,남창희,서울특별시 강남구  삼성로 156  롯데하이마트빌딩,company.himart.co.kr,,롯데하이마트
1301110007137,,"조시영, 김옥열",경기도 시흥시 공단1대로 391,www.brassone.com,,대창
1101110282402,,"김덕주, 서민성, 이승민 (각자 대표이사)",서울특별시 강남구 도산대로 449 -,www.sikorea.co.kr,,신세계인터내셔날
1311110409481,,김주희,"경기도 성남시 중원구 둔촌대로388번길 24, 101호, 601호, 612호",www.inventagelab.com,,인벤티지랩
1101115399517,,"이승화, 윤상현, 윤여원(3인 각자 대표이사)",세종특별자치시 전의면 산단길 22-15 콜마비앤에이치(주),www.kolmarbnh.co.kr,,콜마비앤에이치
1650110006768,,정 원 섭,충청남도 당진시  석문면 대호만로 1221-32 현대EP 주식회사,www.hdc-hyundaiep.com/,,HDC현대EP
1301110001585,,박원철,경기도 수원시 장안구 정자로 102 SKC첨단기술중앙연구소 (정자동 911-10),www.skc.kr,,SKC
1501110101662,,한정욱,충청북도 청주시 청원구 오창읍 양청3길 30 -,wimco.co.kr,,원익머트리얼즈
1101112034562,,김수훈,서울특별시 강남구 테헤란로 325 8층,www.samg.net,,SAMG엔터
1101110042492,,뤄즈펑,서울특별시 영등포구 국제금융로 39 여의도동 앵커원,www.yuantakorea.com,,유안타증권
1101111421273,,한현옥,서울특별시 성동구 왕십리로 66 -,www.clio.co.kr,,클리오
1311110065514,,이재원,충청남도 아산시 음봉면 연암율금로 77-26,www.hb-solution.co.kr,,HB솔루션
1615110017818,,"김철호, 김명진(각자 대표)",충청남도 천안시 서북구 직산읍 군수1길 189 -,www.tse21.com,,티에스이
1313110080427,,강지연,서울특별시 강남구 언주로135길 21 2층(논현동),www.inbiogen.co.kr,,인바이오젠
1449110001666,,남한규,강원도 정선군 사북읍 하이원길 265 강원랜드,kangwonland.high1.com,,강원랜드
1348110197550,,박재현,경기도 화성시  팔탄면 무하로 214,-,,한미약품
1101110319320,,신윤황,"서울특별시 강남구 언주로 619 (논현동, 대현그린타워)",www.daehyun.co.kr,,대현
1311110304011,,노환진,경기도 이천시 호법면 덕평로 554-30,www.topmaterial.co.kr,,탑머티리얼
1101110084915,,김종현,"서울특별시 강서구 공항대로 165 에이동(마곡동, 원그로브)",www.dlholdings.co.kr,,DL
1350110057395,,노정열,충청남도 당진시 송악읍 한진1길 28,www.jw-lifescience.co.kr,,JW생명과학
1942110000133,,손경석,경상남도 창원시 성산구  남면로 485 퍼스텍(주),www.firsteccom.co.kr,,퍼스텍
1101110227177,,안백순,인천광역시 남구 염전로261번길 26-48,www.sewooglobal.co.kr,,세우글로벌
1101110339956,,곽봉석,서울특별시 영등포구 국제금융로8길 32 동부증권빌딩,dbsec.co.kr,,DB증권
1348110020579,,김덕용,경기도 화성시 동탄대로25길 21 -,www.kmw.co.kr,,케이엠더블유
1101110155683,,이태영,서울특별시 마포구 상암산로 34디지털큐브 12층,www.kcgreenholdings.com,,KC그린홀딩스
1341110005202,,김유진,인천광역시 연수구  벤처로 87,www.huneed.com,,휴니드테크놀러지스
1345110623337,,박홍진,경기도 용인시 수지구 문인로 30,hyundaigreenfood.com,,현대그린푸드
1101110008254,,김호운,서울특별시 강동구 고덕비즈밸리로6길 30 -,www.sla.co.kr,,신라교역
1101110998629,,"성규동,박종구(각자대표이사)",경기도 안양시 동안구 동편로 91,www.eotechnics.com,,이오테크닉스
1746110001947,,엄기천,경상북도 포항시 남구 신항로 110,www.poscofuturem.com,,포스코퓨처엠
1345110002375,,"이세용,이해성(각자대표이사)",경기도 수원시 영통구  삼성로268번길 37,www.elentec.co.kr,,이랜텍
1101111942485,,홍민균,"서울특별시 금천구 가산디지털1로 186, 3층",www.t3.co.kr,,티쓰리
1101110152770,,박정주,서울특별시 마포구  독막로 328 신원빌딩,www.sw.co.kr,,신원
1311110057876,,"김정렬, 유지한(공동 대표이사)",경기도 성남시 수정구 금토로40번길 26 -,isc21.kr,,ISC
1101115554418,,김재홍,서울특별시 종로구 종로33길 31,www.samyangpackaging.co.kr/,,삼양패키징
1101111271834,,차기철 (단독대표),서울시 강남구 논현로2길 54(개포동 1164-21),www.inbody.com,,인바디
1801110037887,,강동욱,부산광역시 사하구 을숙도대로 555,www.cheilelec.com,,제일일렉트릭
1101110122731,,김재섭,"경기도 성남시 중원구 둔촌대로 545 경기도 성남시 중원구 둔촌대로545, 비1층 (상대원동, 한라시그마밸리)",www.aprogen.com,,에이프로젠
1701110014936,,"정서진, 장의호",경상북도 영천시  도남공단길 94-2,www.hwashin.co.kr,,화신
1101110123797,,박진선,서울특별시 중구 충무로 2,www.sempio.com,,샘표
1101110094964,,"이의평, 이성원",서울특별시 금천구  가산디지털1로 104 (주)신영와코루,www.shinyoungwacoal.co.kr/,,신영와코루
1101115192036,,"강승곤, 안우형, 정철(공동대표)",서울특별시 성동구 아차산로 83 -,www.cubeent.co.kr,,큐브엔터
1101110371346,,유영상,서울특별시 중구  을지로 65 (을자로2가),www.sktelecom.com,,SK텔레콤
1101110152738,,김두영,서울특별시 서초구  반포대로 43 코스모빌딩 5층,www.cosmochem.co.kr,,코스모화학
1101110095201,,"정지선, 장호진 (각자 대표이사)",서울특별시 강남구 테헤란로98길 12 13층,https://www.hyundaigfholdings.co.kr/web/html/ko/CI,,현대지에프홀딩스
1101110104820,,박정훈,서울특별시 서초구 남부순환로 2159 (방배동),www.sajooy.com,,사조오양
1101110191562,,"고광연,한우근","서울특별시 영등포구 여의대로 108 20층(여의도동, 파크원NH금융타워(타워2))",www.genels.com,,진원생명과학
1101116601135,,이준구,"서울특별시 중구 세종대로 136 4층, 6층(태평로1가, 서울파이낸스센터)",www.shalphareit.com,,신한알파리츠
1101112248882,,"정교선, 한광영(각자 대표이사)",서울특별시 강동구  올림픽로70길 34,www.hmall.com,,현대홈쇼핑
1801110042612,,"이명근,이문용,조성현(각자대표)",부산광역시 기장군  정관면 농공길 2-9 (주)성우하이텍,www.swhitech.co.kr,,성우하이텍
1101111041633,,조성원,"경기도 성남시 분당구 황새울로258번길 25 (수내동, 조이시티타워)",www.joycity.com,,조이시티
1243110008204,,"곽동걸, 강신우",서울특별시 강남구 테헤란로78길 12 MSA빌딩,www.stic.co.kr,,스틱인베스트먼트
1341110000822,,"서중호,문종은",전라북도 정읍시  공단2길 3,www.dwecc.com,,아진전자부품
1101113509887,,방성훈,서울특별시 강남구 언주로 723 -,www.cswind.com,,씨에스윈드
2101110123944,,"김형웅, 배원",전라북도 완주군 봉동읍 완주산단1로 167,www.miramer.co.kr,,미원에스씨
1101110398275,,"채동석, 김상준",서울특별시 마포구 양화로 188 -,www.aekyung.co.kr,,애경산업
0000000000000,,KIMMO LAAKSONEN,서울특별시 종로구 신문로2가 시티빌딩,,,SAMPOFUNDMANAGEMENTLTD/MANDATUMEMERGING
1101110108484,,"조원태, 우기홍",서울특별시 강서구 하늘길 260,www.koreanair.com,,대한항공
1812110000013,,정승원,울산광역시 남구 여천로217번길 19,www.lottefinechem.com,,롯데정밀화학
1760110035615,,백홍주,경상북도 구미시 산동읍 5공단3로 14 -,www.wonikqnc.com,,원익QnC
1101116770188,,이천석,서울특별시 서초구 반포대로 235,www.hyosungchemical.com,,효성화학
1345110097540,,이기승,경기도 수원시 권선구 산업로155번길 128,www.sghitech.co.kr/,,세경하이테크
1101111838212,,권이형,서울특별시 금천구  가산디지털1로 145 에이스하이엔드타워3차,www.mgamecorp.com,,엠게임
1901110003563,,"최동호, 김일환",경상남도 창원시 마산회원구 내서읍 광려천남로 25,www.mhethanol.com,,MH에탄올
1244110002907,,김도환,서울특별시 강남구 테헤란로 124 11층(역삼동),www.hisntholdings.com,,SNT홀딩스
1101110026206,,조기석,경기도 부천시 수도로 90 (주)DB하이텍,www.dbhitek.co.kr,,DB하이텍
1101110017990,,김민영,서울특별시 동대문구  천호대로 64,www.donga.co.kr,,동아쏘시오홀딩스
1243110033235,,"조남성, 장성대 (각자대표이사)",경기도 평택시 진위면 마산12로 21 -,www.wonikholdings.kr,,원익홀딩스
1314110189425,,김용민,경기도 화성시  팔탄면 현대기아로 72-37,www.foosungchem.com,,후성
1348110112334,,박종철,경기도 화성시 정남면 가장로 355-50,www.okdit.co.kr,,디아이티
1311110501435,,이성현,서울특별시 강남구 역삼로 114 현죽빌딩 12층,www.openedges.com,,오픈엣지테크놀로지
1801110015932,,최종일,부산광역시 남구 우암로 127 (감만동),www.sebang.com,,세방
1348110001181,,서명환,충청남도 예산군  고덕면 호음덕령길 92,www.daewoncable.co.kr,,대원전선
1350110062633,,김진태,경기도 평택시 포승읍 포승공단로118번길 88,www.wooyang.co.kr,,우양에이치씨
1101110193196,,"신동빈, 이영준",서울특별시 송파구 올림픽로 300 롯데월드타워,www.lottechem.com,,롯데케미칼
1101114460046,,유재명,"서울특별시 금천구 디지털로9길 33 1701호(가산동, 아이티미래타워)",www.studiomir.co.kr/,,스튜디오미르
1101110003824,,김기호,서울특별시 강남구  강남대로 542,www.ypzinc.co.kr,,영풍
1345110000387,,최재호,경기 평택시 세교동 536-8번지,www.chinyangpoly.kr,,진양폴리우레탄
1101110548771,,장승국,충청남도 당진시 합덕읍 인더스파크로 70 -,www.vitzrocell.com,,비츠로셀
1147110000402,,윤정선,경기도 안산시 단원구 산단로19번길 168 (목내동) 성보화학주식회사,www.sbcc.kr,,SB성보
1101113687568,,조길현,서울특별시 강남구 도산대로 327 데브시스터즈(주),www.devsisters.com,,데브시스터즈
1450110002801,,박인준,강원도 평창군  대관령면 올림픽로 715,www.yongpyong.co.kr,,모나용평
1311110000271,,윤재춘,경기 성남시 중원구 상대원동 223-23,www.daewoong.com/,,대웅
1101110191398,,"신진용,하재득","전라북도 군산시 자유무역1길 60 웰크론강원 510-9, 510-10, 510-12",kwenergy.co.kr,,강원에너지
1101110574164,,김희라,서울특별시 서초구 사임당로 32 2층(서초동),www.jooyon.co.kr,,주연테크
1801110021806,,"오유인, 오현수, 추헌주 (각자 대표)",경상북도 포항시 남구 대송로101번길 34(장흥동),www.grinding.co.kr,,제일연마
1101110220882,,이석주,서울특별시 동작구  보라매로5길 15 전문건설회관빌딩 21층 (주)모나리자,www.monarisa.co.kr,,모나리자
1101110692875,,함흥규,서울특별시 중구  서소문로 115 한산빌딩,www.kepid.co.kr,,한전산업
1101110016728,,송윤상,서울특별시 종로구 새문안로 68,www.insurance.co.kr,,흥국화재
1101110077283,,"박훈, 윤형원(각자 대표이사)","서울특별시 강남구  테헤란로 512 (대치동, 신안빌딩 14층)",www.husteel.com,,휴스틸
1101110003733,,"이건영, 송인석",서울특별시 중구 세종대로 39,www.dhflour.co.kr,,대한제분
1313110030042,,"김광헌, 김준범",경기도 용인시 기흥구 기흥단지로 46 -,hlholdings.co.kr,,HL홀딩스
1101112810590,,정일택,광주광역시 광산구  어등대로 658,www.kumhotire.co.kr,,금호타이어
1101110037005,,"김영진, 백진기",서울특별시 강남구  테헤란로 132,www.handok.co.kr,,한독
1101111468093,,"이기형, 남인봉(각자 대표이사)",서울특별시 강남구 삼성로 511 아이콘 삼성,www.gradiant.co.kr/,,그래디언트
1101110505614,,조대민,서울특별시 영등포구 은행로 17 (여의도동) NICE 그룹 1사옥,www.nice.co.kr,,NICE
1501110267365,,"이창우, 이병구(각자 대표이사)",충청북도 괴산군 청안면 네패스로 42 주식회사 네패스아크,www.nepesark.co.kr,,네패스아크
1101111195109,,"정태운, 최종윤(각자 대표이사)",경기도 부천시 오정구 수도로 139,www.daeati.co.kr,,대아티아이
1101111459191,,장동훈,충청북도 청원군  옥산면 과학산업4로 163,www.powerlogics.co.kr,,파워로직스
1101117815446,,에스케이리츠운용 주식회사,서울특별시 중구 세종대로 136 15층,skreit.co.kr,,SK리츠
1101110129026,,유양석,경기도 안양시 동안구 부림로170번길 41-22(관양동) -,www.seo-yon.com,,서연
1601110084890,,손기영,충청북도 제천시 바이오밸리로 59,www.enzychem.co.kr,,엔지켐생명과학
1101110202765,,대표이사 박정희,서울특별시 강남구 선릉로 433,www.gbattery.com,,세방전지
1101112183963,,하성용,충청북도 청주시 흥덕구 옥산면 과학산업4로 151-5,www.airrane.com,,에어레인
1601110089395,,이윤태,대전광역시 유성구 테크노2로 222,www.lxsemicon.com,,LX세미콘
1601110242050,,전태연,대전광역시 유성구 유성대로1628번길 62 (전민동 461-38번지),www.alteogen.com,,알테오젠
1101112782046,,이상윤,대구광역시 중구 동덕로 167 케이티대구타워 신관 10층 (동인동2가),www.twayair.com,,티웨이항공
1101116114451,,박현진,서울특별시 마포구 양화로 45 메세나폴리스 세아타워 16층,www.millie.town,,KT밀리의서재
1601110067804,,방경만,대전광역시 대덕구 벚꽃길 71 주식회사 케이티앤지,www.ktng.com,,케이티앤지
1101112422379,,유영웅,"서울특별시 금천구 가산디지털1로 219 1406호(가산동, 벽산디지털밸리 6차)",www.pemtron.com,,펨트론
1801110015362,,박성우,경상남도 함안군 칠서면 공단동길 98 -,www.ekosco.com,,한국특강
1101110002694,,"허창수, 허윤홍(각자 대표이사)",서울특별시 종로구 종로 33 그랑서울,www.gsenc.com,,GS건설
1101110061228,,배강열 유청무 장기철,"경기도 화성시 동탄대로23길 121 21층(영천동, 동탄우미뉴브)",www.esamil.com,,삼일씨엔에스
1101117042247,,김영준,"서울특별시 강남구 논현로149길 67-5 1층, 2층, 3층, 4층, 5층 (논현동)",knowmerce.com,,노머스
1101112183749,,손지훈,강원도 강릉시  과학단지로 77-19 &nbsp,pharmaresearch.co.kr,,파마리서치
1801110027078,,최동윤(단독 대표이사),경상남도 창원시 진해구  남의로 57 (남양동),www.yeonghwa.co.kr,,영화금속
1601110354045,,서범석,"서울특별시 강남구 강남대로 374 4층~9층(역삼동, 케이스퀘어 강남II)",www.lunit.io,,루닛
1101111673816,,곽민철,서울특별시 금천구 가산디지털1로 19 대륭테크노타운 18차 20층,www.selvasai.com,,셀바스AI
1101112276809,,"이태성, 김수호",서울특별시 마포구 양화로 45,www.seahholdings.co.kr,,세아홀딩스
1901110002721,,"최재호, 최낙준 (각자 대표이사)",경상남도 창원시 마산회원구  봉암공단2길 6,www.muhak.co.kr,,무학
1101110270895,,한장안,서울특별시 강남구 테헤란로 513K Tower 7F / 8F,www.hansolchemical.com,,한솔케미칼
1351110088083,,한기수,경기도 오산시 지곶중앙로 1-19 -,www.philoptics.com/,,필옵틱스
1942110048381,,강영,경상남도 창원시 성산구 적현로 222 STX중공업,www.hd-marineengine.com,,HD현대마린엔진
1101110040793,,박기환,서울특별시 강서구  공항대로 467 (등촌동),www.taekyungchem.co.kr,,태경케미컬
1101114531045,,이성희,서울특별시 금천구 가산디지털2로 98 IT캐슬 2동 9층 &nbsp,www.apsi.co.kr,,AP위성
1348110004474,,정기련,경기도 화성시  양감면 초록로 720-37,www.bolak.co.kr,,보락
1101115575662,,이슬기,"경기도 성남시 수정구 금토로80번길 27 (금토동, 텔레칩스) 4층",www.ddpharmatech.com,,디앤디파마텍
1101110028939,,김용희,서울특별시 용산구  한강대로 350,kbidongkook.com,,케이비아이동국실업
1746110014924,,"장범석, 박민희(각자대표)",경상북도 포항시 남구  대송면 철강산단로66번길 40,www.samwon-steel.co.kr,,삼원강재
1345110215100,,기창석,경기도 용인시 기흥구 이현로30번길 107,www.gcgenome.com,,지씨지놈
1341110570437,,홍영호,경기도 안양시 동안구 엘에스로116번길 39 엘에스엠트론 하이테크 센터 6층,,,LS머트리얼즈
1951110010951,,장재훈,경상남도 창녕군 창녕읍 창밀로 259-33,www.finebesteel.com,,화인베스틸
1211110088451,,"이재신, 이도훈",인천광역시 부평구 부평대로329번길 46,www.pum-tech.co.kr,,펌텍코리아
1101110054760,,윤성호,서울특별시 금천구 디지털로 130 남성프라자 15층,www.namsung.com,,남성
1101111934557,,구본삼,서울특별시 중구 퇴계로 173,www.xisnd.com/,,자이에스앤디
1101110520076,,"구자균, 채대석",경기도 안양시 동안구  엘에스로 127 LS타워,www.ls-electric.com,,엘에스일렉트릭
1101116196756,,금창원,"서울특별시 강남구 테헤란로 415 8층(삼성동, 엘7호텔스강남타워)",3billion.io,,쓰리빌리언
1101110192635,,박진규,서울특별시 서초구 서초대로73길 40(서초동),www.enex.co.kr,,에넥스
1101111874654,,곽정호,"서울특별시 송파구 정의로8길 9 (문정동,AJ빌딩)",www.ajnet.co.kr,,AJ네트웍스
1101110039019,,"윤석근, 엄대식, 윤종호(각자대표)",서울특별시 용산구  원효로84길 9,www.ilsungis.com,,일성아이에스
1101110041717,,김정수,서울특별시 영등포구  은행로 11,www.ilshin.co.kr,,일신방직
1101110394174,,최주선,경기도 용인시 기흥구  공세로 150-20,www.samsungsdi.co.kr,,삼성SDI
1350110034038,,"기우성, 김형기, 서진석",인천광역시 연수구 아카데미로 23,www.celltrion.com,,셀트리온
1101118191613,,신명재,"서울특별시 영등포구 국제금융로 10, 41층",www.kbstarreit.com,,KB스타리츠
1101116110045,,박진선,"서울특별시 중구 충무로 2 8층 (필동1가, 매일경제빌딩)",www.sempio.com,,샘표식품
2149110058927,,곽근만,전북특별자치도 익산시 용안면 동지산안대길 46 -,www.solusadvancedmaterials.com,,솔루스첨단소재
1348110002981,,"양희준, 김병현 (각자대표)",경기도 화성시  양감면 정문송산로 260,www.soosanheavy.com,,수산세보틱스
1101110911192,,김준구,경기도 화성시  양감면 정문송산로 69-12,www.meerecompany.com,,미래컴퍼니
1101111258220,,"최윤성, 김성진",서울특별시 강남구 테헤란로 137 코레이트타워,www.koreit.co.kr,,한국토지신탁
1101110513633,,박종태,서울특별시 광진구  아차산로 628,www.cheryong.co.kr,,제룡전기
1358110168906,,이수진,"경기도 용인시 기흥구 흥덕1로 13 타워동 에이504호(영덕동, 흥덕아이티밸리)",www.aptabio.com,,압타바이오
1350110115846,,이주형,서울특별시 강남구 학동로 170 베터라이프빌딩 3층(논현동),www.cmgpharma.co.kr,,CMG제약
1101110034308,,"김정수, 김동찬",서울특별시 중구 퇴계로159 삼양라운드스퀘어엔타워,www.samyangfoods.com,,삼양식품
1101115891943,,이계영,"부산광역시 연제구 중앙대로 1079 장천빌딩 6층 (연산동, 장천빌딩)",www.hsenterprise.co.kr,,화승엔터프라이즈
1845110001252,,"허성룡,현지호",부산광역시 연제구 중앙대로 1079 -,www.hscorp.com,,화승코퍼레이션
1101114493344,,"김태은, 우인환 (각자대표)",경기도 평택시 세교산단로 67-20 (주)시디즈,www.sidiz.com,,시디즈
1341110000210,,정케빈규봉,전라북도 군산시 외항7길 20,www.sh-enerchem.com,,SH에너지화학
1101114358382,,손창욱,서울특별시 강남구 선릉로 577 4층(역삼동),www.me2on.com,,미투온
1101110086599,,이승연,서울특별시 서초구 효령로77길 28 동오빌딩 (서초동 1337-4),www.chobi.co.kr,,조비
1301110011807,,김진환,경기도 안산시 단원구 해봉로 38,www.uni-chem.net,,유니켐
1101111775365,,김성은,서울특별시 서초구 효령로 346 서초 HDC랩스 타워,www.hdc-labs.com/,,HDC랩스
1845110000634,,구본학,경상남도 양산시 유산공단2길 14(교동),www.cuckoo.co.kr,,쿠쿠홀딩스
1341110013180,,배철한,경기도 화성시  향남읍 제약공단2길 26,www.mmpharm.co.kr,,명문제약
1501110000856,,"오영주, 박종온",충청북도 청주시 흥덕구  봉명로 3 (복대동),www.samwha.co.kr,,삼화전기
1101110375398,,박애리,서울특별시 마포구  마포대로 155 LG마포B/D15F,www.hsad.co.kr/kor/main,,HS애드
1101112427098,,양태회,경기도 과천시 과천대로2길 54 그라운드브이 14층,www.visang.com,,비상교육
1101110094477,,송준호,서울특별시 강남구 영동대로 715 동국제약 청담빌딩,www.dkpharm.co.kr,,동국제약
1301110010346,,최영민,경기도 안산시 단원구  해봉로330번길 23 신길동,www.hanshin.co.kr,,한신기계공업
1101113394048,,임진성,서울특별시 강남구 학동로 311 주식회사 잇츠한불,www.itshanbul.com,,잇츠한불
1344110015693,,진근우,경상북도 김천시  아포읍 아포공단길 106,www.hyundaibioscience.com,,현대바이오
1942110310912,,황정태,경상남도 창원시 마산회원구 자유무역4길 61,,,범한퓨얼셀
2052110029832,,이제중 (단독 대표이사),전라남도 화순군 화순읍 산단길 98-1 (주)박셀바이오,www.vaxcell-bio.com,,박셀바이오
1101110019219,,"서태원, 손재선",서울특별시 강남구  테헤란로 516 정헌빌딩 8층,www.dong-il.com,,디아이동일
1101111935638,,류석문,서울특별시 강남구 테헤란로 510 루첸타워,www.hyundai-autoever.com,,현대오토에버
1101117064217,,이상민,서울특별시 종로구 종로 51 종로타워빌딩,www.skietechnology.com/,,SK아이이테크놀로지
1101110103955,,"백승열, BAEK JONATHAN IN",서울특별시 성동구 천호대로 386 대원제약,www.daewonpharm.com,,대원제약
1345110004149,,"안정원,엄영철(각자 대표이사)",경기도 용인시 기흥구 구성로 278 -,www.maniker.co.kr,,마니커
1348110003327,,전인석,경기도 화성시 향남읍 제약공단2길 71,www.scd.co.kr,,삼천당제약
1101110089395,,"이병만,이용진",서울특별시 서초구 강남대로39길 15-10한라비발디스튜디오193,www.knco.co.kr,,경농
1101111948277,,김선진,서울특별시 강서구 마곡동로 110 코오롱 One&Only 타워,-,,코오롱생명과학
1101110305288,,강승협,"서울특별시 성동구 성수일로 56 성수동BY센터 4-7층(성수동2가, 백영 성수빌딩)",www.shinsegaefood.com,,신세계푸드
1101110274699,,홍석화,서울특별시 송파구 올림픽로 289,www.halla.co.kr,,HL D&I
1101111931230,,황정일,"서울특별시 영등포구 영등포로 272 (영등포동3가, 젬백스링크타워) -",www.gemvaxlink.com,,포니링크
1101110015556,,"박민희, 김항수",충청남도 천안시 서북구 성거읍 오목모전길 117-8 대원강업주식회사,www.dwku.com,,대원강업
1101110041634,,오일록,서울특별시 종로구 종로41길 25 한덕빌딩 8-10층,www.sambu.co.kr,,삼부토건
1347110002553,,정백재,"경기도 성남시 분당구 야탑로81번길 10,8층(야탑동, 아미고타워)",www.zinus.co.kr,,지누스
1101110822993,,김익환,충청북도 보은군 장안면 우진플라임로 100 본관동,www.woojinplaimm.com,,우진플라임
1101111603764,,"정준, 이승희 (각자대표이사)",경기도 성남시 분당구 판교역로 220 쏠리드스페이스,www.solid.co.kr,,쏠리드
1101110014459,,이은호,서울특별시 중구  소월로 3 롯데손해보험빌딩,www.lotteins.co.kr,,롯데손해보험
2101110063190,,"김정돈, 손응주",경기도 용인시 수지구 포은대로59번길 20 -,-,,미원홀딩스
1601110007032,,"정재경, 노성석 (각자 대표이사)",경상남도 창원시 성산구 완암로 28 \u3000,www.krmotors.com,,KR모터스
1101110033433,,"허준홍, 정대락 (2인 각자 대표이사)",서울특별시 강남구 테헤란로 301(역삼동) 삼정개발빌딩 6층,www.samyangts.com,,삼양통상
1101118294037,,한화자산운용,"서울특별시 영등포구 63로 50 53층(여의도동,63한화생명빌딩)",www.hanwhareit.com,,한화리츠
1615110000037,,이의범,충청남도 예산군 예산읍 창말로 75 (주)SG글로벌,www.sgglobal.co.kr,,SG글로벌
1101114594952,,한채양,서울특별시 중구 세종대로7길 37,emartcompany.com/ko/main.do,,이마트
1615110027883,,"김형민, 박찬홍(각자대표)",경기도 성남시 분당구 대왕판교로 670 유스페이스2 A동 10층,www.idreamtech.co.kr,,드림텍
1801110750893,,빈대인,부산광역시 남구 문현금융로 30(문현동),www.bnkfg.com,,BNK금융지주
1101112102070,,김석현,서울특별시 강남구  학동로 343,www.huvis.com,,휴비스
2201110050575,,김이배,제주특별자치도 제주시 신대로 64 3층,www.jejuair.net,,제주항공
1159110017303,,김성수,경기도 고양시 일산동구  동국로 240 인선ENT(주),www.insun.co.kr,,인선이엔티
1101110035108,,서재희 대표집행임원,서울특별시 마포구  월드컵북로 402 케이지아이티센터 18층,www.pangrim.com,,방림
1345110021549,,김선영,경기도 용인시 처인구 양지면 중부대로1960번길 53,www.hancomlifecare.com,,한컴라이프케어
1101113525750,,배석홍,서울특별시 서초구  마방로10길 5,www.kec.co.kr,,KEC
1301110007707,,"홍창식, 강신우(각자대표)",경기도 안산시 단원구  원시로 49 (목내동),www.mwc.co.kr,,미원상사
1101110032112,,"손봉락, 손기영, 김영학 (각자대표)",경상북도 포항시 남구  괴동로 100,www.tccsteel.com,,TCC스틸
1348110178873,,황만용,경기도 오산시 양산로 48,www.shsec.co.kr,,신흥에스이씨
1101110212699,,"나창엽,양창영,심일식(각자 대표이사)",경기도 용인시 수지구 신수로 785-17 엔피씨(주),www.npc.co.kr,,엔피씨
1101110013774,,"박정원, 김민철, 유승우",서울특별시 중구  장충단로 275 두산타원,www.doosancorp.co.kr,,두산
1101113975517,,양종희,"서울특별시 영등포구 국제금융로8길 26 (여의도동, 국민은행 여의도본점)",www.kbfg.com,,KB금융
1101117420211,,이양원,"서울특별시 강남구 강남대로 382 7층 (역삼동, 메리츠타워)",dndplatformreit.com/,,디앤디플랫폼리츠
1101115281897,,김형태,서울특별시 서초구 서초대로77길 55,shiftup.co.kr,,시프트업
1346110012744,,이석윤,경기도 안성시 대덕면 모산로 53 -,www.mico.kr,,미코
1746110000866,,Kim Jin-bo,경상북도 포항시 남구  형산강북로 131 포스코엠텍,www.poscomtech.com,,포스코엠텍
1942110000034,,고호곤,경상남도 창원시 성산구  연덕로 176 삼성공조(주),www.samsungcc.co.kr,,삼성공조
1701110006868,,임종찬,대구광역시 북구  검단동로 35 (검단동),www.startex.co.kr,,성안머티리얼스
1101117263728,,오남수,서울특별시 중구 을지로 100,jrglobalreit.com,,제이알글로벌리츠
1101110093552,,윤석빈,서울특별시 용산구 한강대로72길 3,www.crown.co.kr,,크라운해태홀딩스
1348110024878,,"김형균,이양구(각자대표)",경기도 화성시 동탄면 장지남길 10-7,www.unisem.co.kr,,유니셈
1101110212889,,임영환,서울특별시 강남구 테헤란로 508 (대치동)해성2빌딩 2층,www.keyang.co.kr,,계양전기
1752110017454,,김준섭,경상북도 구미시 첨단기업로 33 (주)피엔티,www.epnt.co.kr,,피엔티
1101110110083,,조원국,경기도 남양주시 별내3로 391 관리동 1층,www.hhic-holdings.com,,한진중공업홀딩스
1101113352004,,함영주,서울특별시 중구 을지로 66 (을지로 2가),www.hanafn.com,,하나금융지주
1349110013457,,"김 용 범, 하 희 조",인천광역시 연수구 하모니로226번길 15 -,www.tovism.com,,토비스
1545110016091,,"조임래, 박은희(각자대표)",충청북도 음성군 대소면 대금로 196번길 17-12,www.cosmecca.com,,코스메카코리아
1845110000105,,"KIM JOONYOUNG, 이상무 각자대표",경상남도 양산시  웅상대로 1564 (주)한창제지,www.hcpaper.co.kr,,한창제지
1101113555187,,"오규식, 김상균 (각자 대표이사)",서울특별시 강남구 언주로 870 (신사동),www.lfcorp.com,,LF
1701110638661,,"권오갑, 정기선",경기도 성남시 분당구 분당수서로 477 HD현대 글로벌 R&D센터,www.hd.com,,HD현대
1101110005953,,홍원학,서울특별시 서초구 서초대로74길 11 (서초동) 삼성생명보험 주식회사,www.samsunglife.com,,삼성생명
1101112203951,,유준수,"경기도 성남시 분당구 대왕판교로712번길 22, 씨동 5층 (삼평동, 글로벌알앤디센터)",www.abxis.com,,이수앱지스
1101111398117,,지준경,"서울특별시 구로구 디지털로31길 12 11층, 15층",www.polarisofficecorp.com,,폴라리스오피스
1243110015051,,유인철,경기도 화성시 양감면 초록로 103 (주)한익스프레스,www.hanex.co.kr,,한익스프레스
1601110072738,,정한,대전광역시 유성구 테크노5로 69,www.i3system.com,,아이쓰리시스템
1101110134372,,"양경훈, 문성철(각자 대표이사)",경기도 시흥시  경제로 17,www.komipharm.com,,코미팜
1615110027263,,강문수,충청남도 천안시 서북구  백석공단7로 16 STS반도체통신(주),www.sfasemicon.com,,SFA반도체
1101112487050,,조주완,서울특별시 영등포구  여의대로 128 LG트윈타워,www.lge.co.kr,,LG전자
1101112958259,,박영준,서울특별시 용산구 새창로44길 10 -,www.thenatureholdings.co.kr,,더네이쳐홀딩스
1101116895217,,전승택,"서울특별시 영등포구 국제금융로 10 28층(여의도동, Three IFC)",www.aniplustv.com,,애니플러스
1545110029242,,이무영,충청북도 음성군  대소면 대금로 157,www.iljindiamond.co.kr,,일진다이아
1345110003696,,"오영주, 박진",경기도 용인시 처인구  남사면 경기동로 227,www.samwha.com,,삼화콘덴서공업
1301110033281,,"황철주, 황은석(각자대표이사)",경기도 광주시  오포읍 오포로 240 주성엔지니어링,www.jseng.com,,주성엔지니어링
1101116383543,,김재섭,"경기도 성남시 수정구 창업로 43 4층 제비-402호(시흥동,판교글로벌비즈센터)",www.aptn-inc.com,,앱튼
1345110078029,,강해철,경기도 평택시 진위면 진위산단로 53-86,www.gigavis.com,,기가비스
2001110465372,,정지성,"광주광역시 북구 첨단과기로 123 B동 101호(오룡동, 창업진흥센터)",soslab.co,,에스오에스랩
1601110105498,,안성환,대전광역시 유성구 테크노10로 44-6,genomictree.com/ko/,,지노믹트리
1243110000250,,이상준,충청남도 천안시 동남구  풍세면 잔다리길 55,www.hyundaipharm.co.kr,,현대약품
1101110226533,,원종규,"서울특별시 중구 청계천로 100 시그니쳐타워 4, 5층 코리안리재보험",www.koreanre.co.kr,,코리안리
1101118077821,,한명진,서울특별시 중구 을지로 65 SK T타워,www.sksquare.com,,SK스퀘어
1101111955694,,김태영,"경기도 성남시 분당구 판교로 242 (삼평동, 판교디지털콘텐츠파크 B동)",company.webzen.com,,웹젠
1101110073413,,서종대,서울특별시 송파구 올림픽로35다길 42 18층,www.twayholdings.com,,티웨이홀딩스
1345110299881,,김흥태,경기도 용인시 기흥구 탑실로35번길 25,www.immuneoncia.com/immun/,,이뮨온시아
1101111263203,,"Seo Soo Kiel, Choi Young Woo","경기도 성남시 분당구  판교로228번길 15 판교7벤처밸리3 1단지 2동 201, 901호",corp.afreecatv.com,,SOOP
1101110360935,,"박승덕, 남정운, 김동관",서울특별시 중구 청계천로 86 한화빌딩,hcc.hanwha.co.kr,,한화솔루션
1601110206866,,김용주,대전광역시 유성구 국제과학10로 10 (주)레고켐 바이오사이언스,www.legochembio.com,,리가켐바이오
1101111712309,,신호정,서울특별시 강남구 도산대로 310(논현동) 916빌딩 7~9층,www.showbox.co.kr,,쇼박스
1101110545751,,"이중원, 홍정인(각자대표)",서울특별시 강남구 도산대로 156,www.jcontentree.com/,,콘텐트리중앙
1348110075342,,"이창재, 박성수",경기도 화성시 향남읍 제약공단4길 35-14 -,www.daewoong.co.kr,,대웅제약
1101112425448,,김성운,"경기도 성남시 분당구 판교역로 231, 에스동 907호",www.siliconii.com,,실리콘투
1301110006270,,"이재광, 전경우",경기도 안산시 단원구  목내로 160 (목내동),www.kmec.co.kr,,광명전기
1101111435810,,백현숙,"경기도 성남시 분당구 분당로 55, 9층(서현동, 분당퍼스트타워)",www.danal.co.kr,,다날
1101110149446,,류주환,서울특별시 중구 남대문로 63 한진빌딩,www.kctc.co.kr,,케이씨티시
1101111602667,,이선재,"서울특별시 중구 통일로 92 케이지타워 14,15층",www.inicis.com,,KG이니시스
1801110000602,,이동우,부산광역시 연제구 중앙대로 1052 501호(연산동),www.hanchang.co.kr,,한창
1314110460809,,신영환,경기도 안산시 단원구 강촌로 230,www.daeduck.com,,대덕전자
1101115906974,,임찬양(단독 대표이사),"경기도 용인시 수지구 광교중앙로 338, 비동 10층 &nbsp",noul.com,,노을
1101110043870,,"유준하, 윤인호(각자 대표이사)",서울특별시 중구 서소문로9길 20 -,www.dong-wha.co.kr,,동화약품
1101110731483,,방문신,서울특별시 양천구  목동서로 161,www.sbs.co.kr,,SBS
1358110272682,,전성호,경기도 용인시 기흥구 용구대로 2354 (마북동),www.solum-group.co.kr,,솔루엠
1301110026749,,장세준,경기도 안산시 단원구  강촌로139번길 9,www.kcg.co.kr,,코리아써키트
1101110944622,,이희준 (단독대표),인천광역시 남동구  남동서로 193 (주)비에스이홀딩스,www.coasiacorp.co.kr,,코아시아
1101110375439,,이우봉,충청북도 음성군 대소면 삼양로 730-27,www.pulmuone.co.kr,,풀무원
1101110504195,,김종현,경기도 안산시 단원구 엠티브이1로 25 (주)황금에스티,www.hwangkum.com,,황금에스티
2111110000042,,문성운,전라북도 군산시 외항로 1245 페이퍼코리아(주),www.papercorea.co.kr,,페이퍼코리아
1746110000981,,"이우현, 김택중, 이수미(3인, 각자 대표이사)",서울특별시 중구  소공로 94 OCI 빌딩,www.oci-holdings.co.kr,,OCI홀딩스
1301110007989,,권  혁,경기도 안산시 단원구 시화벤처로 444 (성곡동),www.seondo.co.kr,,선도전기
1601110433518,,이승주,대전광역시 유성구 문지로 281-25,,,오름테라퓨틱
1101111334583,,"조남혁, 장윤정(각자 대표이사)",경기도 화성시 정남면 구내길 81-9 &nbsp,www.thejnt.com,,제이앤티씨
1701110006412,,"황순용, 김주영",대구광역시 달성군  논공읍 논공로 597,www.phhc.co.kr,,평화홀딩스
1101111342289,,최성준,"서울특별시 영등포구 국제금융로 10 19층, (여의도동, 쓰리아이에프씨)",www.ygplus.com,,YG PLUS
1115110000136,,"임근호, 박은진(각자대표)",광주광역시 광산구  소촌로123번길 40-12,www.dayouat.co.kr,,대유에이텍
1201110018110,,박우동,인천광역시 계양구  아나지로 156 효성동 (주)풍산홀딩스,www.poongsanhc.co.kr,,풍산홀딩스
1101110088652,,"최지현, 조규석",서울특별시 마포구  와우산로 121 삼진제약사옥,www.samjinpharm.co.kr,,삼진제약
1358110232363,,김성진,"서울특별시 서초구 명달로 92, 보림빌딩",www.medpacto.com,,메드팩토
1201110566317,,임존종보 (Rim John Chongbo),인천광역시 연수구 송도바이오대로 300,www.samsungbiologics.com,,삼성바이오로직스
1101110626501,,서장원,충청남도 공주시 유구읍 유구마곡사로 136-23,company.coway.com,,코웨이
1101110004682,,유경준,서울특별시 중구 을지로 100,www.hansoltechnics.com,,한솔테크닉스
1311110478337,,신원근,경기도 성남시 분당구 판교역로 166 카카오페이판교아지트 B동 15층,www.kakaopay.com,,카카오페이
1101112103953,,하지성,"서울특별시 강남구 봉은사로29길 6-12 2층(논현동, KTS2)",www.metalabs.co.kr,,메타랩스
1717110086312,,장원영,경상북도 포항시 남구 괴동로 43 (장흥동),www.chosunwelding.com,,조선선재
1101110610083,,"정현석, 정문주 (공동 대표이사)","경기도 성남시 분당 판교로 255번길 34, 5층(삼평동, 솔브레인)",http://www.soulbrainholdings.co.kr,,솔브레인홀딩스
1101110027593,,이윤규,인천광역시 중구 월미로 96,sunandl.com/,,SUN&L
1101117398989,,조주현,"서울특별시 영등포구 국제금융로 10 (여의도동, 서울국제금융센터) 35층",www.esrks-reit.com,,ESR켄달스퀘어리츠
1101110043127,,이기수,서울특별시 송파구 올림픽로35다길 13 국민연금 잠실사옥 2~3층,www.yungjin.co.kr,,영진약품
1545110042723,,이영신,경기도 평택시 진위면 동부대로 291-13,seerstech.com,,씨어스테크놀로지
1313110163174,,Tae Hyuk Ahn,경기도 평택시 진위면 진위산단로 75,www.ips.co.kr,,원익IPS
1101110360399,,공동대표이사 진용민 공동대표이사 황주석,서울특별시 강서구 공항대로 607 (염창동),www.seoulgas.co.kr,,서울도시가스
1101110059702,,서성훈,충청북도 충주시 충원대로 862,seoul-food.co.kr,,서울식품공업
1101110382020,,박원서,경상남도 사천시 사남면 해안산업로 513 -,www.unison.co.kr,,유니슨
1101119120299,,김원식,"서울특별시 강남구 논현로 508, GS타워",www.gspnl.com,,GS피앤엘
1101110234312,,"김홍철, BRYANBYONGJIN.KIM(각자 대표)",경기도 화성시 향남읍 발안공단로4길 16 구문천리 928,www.hlbinnovation.com,,HLB이노베이션
1341110106357,,김종성,충청북도 청주시 흥덕구 옥산면 옥산산단로 27 엠플러스 사옥,www.mplusi.co.kr,,엠플러스
1201110004218,,채광병,인천광역시 서구 가정로97번길 28(가좌동),www.dongwha.co.kr,,동화기업
1101112508088,,고광일,경기도 용인시 수지구 포은대로59번길 18 (상현동),www.kohyoung.com,,고영
1301110001626,,장덕현,경기도 수원시 영통구  매영로 150,www.sem.samsung.co.kr,,삼성전기
1101113275959,,김영규,서울특별시 강남구 삼성로 511,,,이리츠코크렙
1101116799203,,"전근식, 오해근",서울특별시 서초구 효령로 275 서초동 1587 한일시멘트빌딩,www.hanilcement.com,,한일시멘트
1101110400202,,"Song Soo-young, Yoon Sung-Tae (Independent representation)",경기도 성남시 수정구 창업로 17 판교 아이스퀘어 A동 9층,www.huonsglobal.com,,휴온스글로벌
2001110001704,,"권형석, 권형도(공동대표이사)",광주광역시 광산구 하남산단4번로 123-17 (장덕동) 화천기공(주),www.hwacheon.com,,화천기공
1501110041925,,오석송,충청북도 청주시 흥덕구  오송읍 오송생명1로 270,wwwlmeta-biomed.com,,메타바이오메드
1201110002056,,이곽우,충청남도 천안시 동남구  풍세면 풍세로 515 동양철관(주),www.dysp.co.kr,,KBI동양철관
1701110017237,,대표이사 김영훈 대표이사 김정주,대구광역시 중구 명덕로 85 대성홀딩스,http://www.daesung-holdings.com,,대성홀딩스
1201110002212,,조상종,충청남도 예산군  신암면 추사로 146-8,www.daiyangmetal.co.kr,,대양금속
1101110007826,,"유창수, 고경모(각자 대표)",서울특별시 영등포구 국제금융로 24 (여의도동),www.eugenefn.com,,유진증권
1101110153273,,조용철,서울특별시 강동구 성내로 19 서경빌딩 6층,www.ilshinstone.co.kr,,일신석재
1101115781277,,박용현,"서울특별시 강남구 남부순환로 2621 5층(도곡동, 에스앤아이강남빌딩)",nexongames.co.kr,,넥슨게임즈
1101111807910,,"고현국, 이형환 (각자대표)",충청북도 음성군  금왕읍 대금로 1264,junjin.com,,전진건설로봇
1101112196304,,김규철,"서울특별시 강남구 테헤란로 306 (역삼동, 카이트타워)",www.kait.com,,한국자산신탁
2849110088798,,손관,경기도 파주시 신촌2로 11,www.sejongmedical.com,,세종메디칼
1201110447781,,전동규,경기도 부천시 오정구 산업로 20-22 &nbsp,seojinsystem.net,,서진시스템
1101110006167,,"신영수, 민영학 (각자 대표)",서울특별시 종로구 종로5길 7(청진동) Tower 8,www.cjlogistics.com,,CJ대한통운
1101110801848,,김응철,"서울특별시 종로구 우정국로 26 에이동 21층, 22층(표시층 23층, 25층) (공평동, 센트로폴리스)",www.asianaidt.com,,아시아나IDT
1201110018368,,강승우,인천광역시 중구  월미로 116(북성동1가),www.ts.co.kr,,대한제당
1348110001256,,정윤석,충청남도 천안시 서북구 입장면 연곡길 308 -,www.shinil.co.kr,,신일전자
1943110000537,,하만규,경상남도 함안군 법수면 장백로 585 -,www.hascokorea.co.kr,,한국주강
1350110087483,,최영식,인천광역시 부평구 평천로199번길 25,www.bhe.co.kr,,비에이치
1701110003814,,구정모,대구광역시 중구 동성로 30 9층 재무팀,www.debec.co.kr,,대구백화점
1341110003545,,"설윤석, 박민수(각자대표)",경기도 안산시 단원구 장자골로 49,www.taihanfiber.com,,대한광통신
1355110238812,,문승호,경기도 안양시 동안구 시민대로248번길 25,hvm.co.kr/,,에이치브이엠
1101111627011,,이옥경,서울 종로구 평창동 98,www.seoulauction.com,,서울옥션
1101113411024,,임병남,서울특별시 금천구  가산디지털1로 75,www.jindofand.co.kr,,진도
1101110026834,,김병철,서울 영등포구 여의도동 34-11,www.hygood.co.kr,,한양증권
1801110054691,,"조문수, 이명화 공동대표이사",경상남도 밀양시 부북면 춘화로 85,www.hcarbon.com,,한국카본
1101115197193,,"조원태, 류경표",서울특별시 중구 서소문로 117 -,www.hanjinkal.co.kr,,한진칼
1101110030934,,손영섭,서울특별시 용산구  서빙고로51길 52,www.vivien.co.kr,,비비안
1101350000903,,장민영,서울특별시 중구 을지로 79 중소기업은행본점,www.ibk.co.kr,,기업은행
1101112948086,,성상엽,경기도 평택시 진위면 진위산단로 18-7,www.intelliantech.com,,인텔리안테크
1101111129497,,정신아,제주특별자치도 제주시 첨단로 242,www.kakaocorp.com,,카카오
1101110042278,,김상훈,서울특별시 서초구 남부순환로 2159,dr.sajo.co.kr,,사조대림
1801110001973,,최우일,부산광역시 중구  충장대로9번길 52 마린센터 13층,www.intergis.co.kr,,인터지스
1101115079713,,정재훈,서울 동대문구 용두동 138 ~255 천호대로 64,www.donga.co.kr,,동아에스티
1101112559411,,김진용,서울특별시 서초구  명달로 94 (주)삼성출판사,www.samsungbooks.com,,삼성출판사
1101113773094,,"최병채, 천대권(각자대표이사)","서울특별시 성동구 아차산로 33 , 5,6층(성수동1가, 삼일빌딩)",www.incar.co.kr,,인카금융서비스
1511110058698,,최원근,충청북도 충주시 대소원면 메가폴리스로 195,https://wcp.kr/,,더블유씨피
1801110000636,,김충식 대표이사,울산광역시 남구  장생포로 83,www.songwon.com,,송원산업
1101110008486,,장원영,경상북도 포항시 남구 괴동로 43 (장흥동),www.chosunwelding.com,,CS홀딩스
1101111867948,,엄주성,서울특별시 영등포구 의사당대로 96 TP타워(사학연금 서울회관),www.kiwoom.com,,키움증권
1812110003728,,"지용석, 김정수, 배재범 (각자대표)",경기도 용인시 기흥구 탑실로35번길 14 (공세동),www.ka.co.kr,,한국알콜
1101117067972,,김종학,"경기도 안산시 단원구 해안로 228 (원시동, ㈜태성)",www.taesung2000.com,,태성
1101111081928,,신동훈,서울시 강남구 수서동 715번지 수서오피스 빌딩 12층,www.galaxiamoneytree.co.kr,,갤럭시아머니트리
1101110243793,,손병재,경기도 이천시 대월면 경충대로 1937번길 57,www.camusenc.com,,까뮤이앤씨
1313110140776,,"조성현, 김현욱 (각자대표)",경기도 평택시 포승읍 하만호길 32,www.mando.com,,HL만도
1101110084767,,우혁주,서울특별시 강남구 논현로 322 6층(역삼동),www.ontide.co.kr,,온타이드
1101116501830,,윤준호,"서울특별시 서초구 강남대로 479 신논현타워, 12층, 13층, 14층",4by4inc.com,,포바이포
1101114731299,,김병규,"서울특별시 구로구 디지털로26길 38 (구로동, 지타워)",company.netmarble.com,,넷마블
1101110030413,,원경희,서울특별시 서초구  동산로 86 혜인빌딩,www.haein.com,,혜인
1712110000958,,최우철,경상북도 경주시 천북면 천북산단로 91,www.myoungshinindustry.com,,명신산업
2011110000036,,조영석,전라남도 목포시  호남로68번길 36 보해양조(주),www.bohae.co.kr,,보해양조
1348110016007,,"김일부, 김민철 (각자대표)",충청남도 천안시 서북구 직산읍 4산단6길 57 -,www.ssedp.co.kr,,상신이디피
1701110000935,,"진영환, 류영수",대구광역시 달서구  성서동로 163,www.samickthk.co.kr,,삼익THK
1243110000812,,김혜연 박희덕(각자),경기 화성시 향남면 상신리 향남제약공단 902-5,www.pharmgenscience.com,,팜젠사이언스
1348110260331,,신상연,"경기도 화성시 동탄역로 24-2 , 24-1",www.woojinntec.com/,,우진엔텍
1101110161317,,"김희진, 신현돈(각자 대표이사)","서울특별시 종로구 청계천로 41 9층(서린동, 영풍빌딩)",www.motonic.com,,모토닉
1942110094318,,이병제,경상남도 창원시 성산구  공단로103번길 12 한국철강(주),www.kisco.co.kr,,한국철강
1101114382612,,"김영대,이은우(공동대표)","서울특별시 구로구 경인로 662 (신도림동, 디큐브시티 9층, 11층)",www.daesung.co.kr,,대성산업
1101115527168,,최의열,강원도 춘천시 동내면 거두단지1길 43 -,www.boditech.co.kr,,바디텍메드
1801110043610,,최원석,경상남도 양산시 유산공단7길 42 -,www.cyc1963.com,,진양산업
1101110072928,,한인호,서울특별시 종로구  인사동5길 29,www.sungshincement.co.kr,,성신양회
1101111707178,,최수연,경기도 성남시 분당구 정자일로 95 1784,www.navercorp.com,,NAVER
1101110109854,,허은철,경기도 용인시 기흥구  이현로30번길 107(보정동),www.gccorp.com,,녹십자
1701110021543,,"이영호,성원모",경상북도 경산시  진량읍 공단6로 98,www.choilal.co.kr,,조일알미늄
1201110019382,,"김동녕, 김석환(각자 대표이사)",서울특별시 영등포구 은행로 30 중소기업중앙회 6층,www.hansaeyes24.com,,한세예스24홀딩스
1801110001494,,"전장열, 김영교(각자 대표이사)",부산광역시 중구 중앙대로 22 (중앙동6가),www.hafeed.co.kr,,고려산업
1101110032005,,"민세홍, 양영석, 김우진 (각자대표)",경기도 안성시 미양면 안성맞춤대로 474-40,www.dongil-steel.com,,동일제강
1358110389651,,김광일,경기도 오산시 지곶중앙로 1-19,philenergy.co.kr,,필에너지
1341110189717,,박덕영,충청남도 예산군 응봉면 응봉로 50-16,www.utikorea.com,,유티아이
1311110042950,,김남욱,경기도 안성시  미양면 제2공단4길 33,www.farmsco.com,,팜스코
1313110088017,,허용호,충청남도 당진시 시곡로 307 -,www.joosungcorp.com,,주성코퍼레이션
1101112177388,,이규복,서울특별시 성동구 왕십리로 83-21 -,www.glovis.net,,현대글로비스
1341110002258,,"함영준, 황성만",경기도 안양시 동안구  흥안대로 405,www.otoki.com,,오뚜기
1311110126936,,안승욱,경기도 오산시 가장산업서북로 103-37 (지곶동),www.t-robotics.net/,,티로보틱스
1101110253908,,신민규,"서울특별시 강남구 언주로 729 8층(논현동, 마스터스빌딩)",ascendio.co.kr,,아센디오
1348110109828,,박인래,경기도 안성시 고삼면 안성대로 2061 (가유리 777-1),www.hansoliones.com,,한솔아이원스
1801110071794,,"정연택, 정동우(각자 대표)",경상남도 양산시  웅상농공단지길 55,www.dcmcorp.co.kr,,디씨엠
1341110002365,,"한남희, 김진범",경기도 평택시 포승읍 평택항로 92 삼아알미늄 주식회사,www.sama-al.com,,삼아알미늄
1101110004286,,"김홍국, 안중호(각자 대표이사)",서울특별시 종로구 종로5길 7 Tower 8 팬오션(주),www.panocean.com,,팬오션
1152110000287,,김광수,경기도 남양주시 미금로65번길 45 (도농동) (주)빙그레,www.bing.co.kr,,빙그레
1101110205850,,"정몽혁, 김원갑, 장안석(각자대표이사)",서울특별시 종로구 율곡로2길 25 연합미디어센터빌딩 16층,www.hyundaicorp.co.kr,,현대코퍼레이션
1101113430040,,정도현,서울특별시 강서구 마곡중앙8로1길 62 라파스  ;,www.raphas.com,,라파스
2111110049793,,이강명,전북특별자치도 군산시 새만금북로 122 -,www.sungeelht.com/,,성일하이텍
1101111408867,,양윤지,"서울특별시 강남구 테헤란로 231 이스트 24층(역삼동, 센터필드)",www.shinsegae-inc.com,,신세계I&C
1101111387748,,"김택진, 박병무 (공동대표이사)",서울특별시 강남구 테헤란로 509(삼성동),www.ncsoft.net,,엔씨소프트
1101110037112,,"전우종, 정준호",서울특별시 영등포구 국제금융로8길 31 여의도동 SK증권빌딩,www.sks.co.kr,,SK증권
1101111138985,,강석균,경기도 성남시 분당구  판교역로 220,www.ahnlab.com,,안랩
1101111412256,,"남경환, 홍혜진(각자대표이사)",서울특별시 영등포구  선유동2로 57 이레빌딩 15층,www.hyosungitx.com,,효성 ITX
1358110090117,,"Kim Jong-koo, Kim Won-keun",경기도 화성시  삼성1로2길 22 (주)파트론,www.partron.co.kr,,파트론
1101112520644,,이상준,서울특별시 노원구  한글비석로 57 (하계동),www.savezone.co.kr,,세이브존I&C
1746110001096,,이경희,"경기도 성남시 분당구 수내로46번길 4 8층 (수내동, 경동빌딩)",www.charmeng.com,,참엔지니어링
1101114071207,,"노진서, 한주우",서울특별시 종로구 새문안로 58 LX광화문빌딩,www.lxhausys.com,,LX하우시스
1942110000183,,박상준,경상남도 창원시 성산구  중앙대로 105,www.stx.co.kr,,STX
1812110000443,,이현덕,울산 동구 동부동 194,www.koreamovenex.com,,한국무브넥스
1748110004244,,"이명곤, 김성광(각자대표이사)",경상북도 경산시 진량읍 일연로 528,www.chasys.com,,체시스
1101110018592,,유인수,서울특별시 금천구 디지털로 130 남성프라자 613호,www.inscobee.com,,인스코비
1344110001519,,조재천,충청북도 충주시 충주산단1로 128 현대엘리베이터 -,www.hyundaielevator.co.kr,,현대엘리베이터
1347110004377,,박경수,경기도 화성시  삼성1로4길 48 피에스케이,www.pskholding.com,,피에스케이홀딩스
1101113710385,,추형욱,서울특별시 종로구  종로 26,www.SKinnovation.com,,SK이노베이션
1101110035835,,송종민,경기도 안양시 동안구 관양동 1746-2 대한스마트타워,www.taihan.com,,대한전선
1101110769583,,"최태원, 장용호",서울특별시 종로구 종로 26 SK주식회사,www.sk-inc.com/,,SK
1101110150229,,김성은,"서울특별시 금천구  가산디지털2로 184 1411호(가산동,벽산/경인디지털밸리2)",www.kie.co.kr,,경인전자
1101111817828,,김봉관,충청남도 천안시 서북구 직산읍 4산단6길 27 -,www.dstrobot.com,,휴림로봇
1101110124521,,"김형곤, 박창기","서울특별시 중구 소월로 10 21층, 22층(남대문로5가, 단암빌딩)",www.dongbang.co.kr,,동방
1201110149508,,김경아,인천광역시 연수구 송도교육로 76 삼성에피스홀딩스,www.samsungepisholdings.com,,삼성에피스홀딩스
1101112208000,,이선주,서울특별시 중구 후암로 98 LG서울역빌딩,www.lghnh.com,,LG생활건강
1246110260311,,지대윤,서울특별시 성동구 성수일로10길 26 하우스디세종타워 1802호 (성수동2가),www.futurechem.co.kr,,퓨쳐켐
1243110005721,,변대중,서울특별시 영등포구 국회대로76길 10 5층,www.naturecell.co.kr,,네이처셀
1244110093120,,김인응,충청남도 천안시 서북구 직산읍 모시리 308 천안 제4지방산업단지 19-1블럭,www.amosense.co.kr,,아모센스
1101112007709,,오원일,경기도 성남시 분당구 대왕판교로 644번길21 -,www.medi-post.co.kr,,메디포스트
1101110168404,,"박기덕, 정태웅",서울특별시 종로구 종로33 (청진동) -,www.koreazinc.co.kr,,고려아연
1101110546006,,장경빈,경기도 화성시 동탄면 동탄산단6길 15-23 에프에스티,www.fstc.co.kr,,에프에스티
1101110381387,,"구자용, 천정식 (각자 대표이사)",서울특별시 용산구 한강대로 92 LS용산타워,www.e1.co.kr,,E1
1746110000741,,"대표이사 회장  장인화, 대표이사 사장  이주태",경상북도 포항시 남구 동해안로 6261 -,www.posco-inc.com,,POSCO홀딩스
2046110071943,,최광철,전라남도 광양시 산업로 55,www.chosunref.co.kr,,조선내화
1101113710468,,"이경하, 차성남",경기도 과천시 과천대로7길 38 -,jw-holdings.co.kr,,JW홀딩스
1101116277580,,심운섭,서울특별시 금천구 가산디지털1로 225 6층,www.itgraphy.com,,그래피
1601110032542,,박한오,대전광역시 유성구 테크노2로 71 (주)바이오니아 글로벌센터,www.bioneer.co.kr,,바이오니아
1101110030497,,"조현준, 황윤언",서울특별시 마포구  마포대로 119 (공덕동),www.hyosung.com,,효성
1101116202305,,최완규,"대구광역시 달서구 성서공단로11길 62 대구테크노파크 벤처공장 1호관 405호(사무실),502호, 503호, 206호,",www.bnckorea.co.kr,,한국비엔씨
1101111598379,,송호준,충청북도 청주시 청원구 오창읍 과학산업2로 587-40 주식회사 에코프로,www.ecopro.co.kr,,에코프로
1647110030756,,최현규,세종특별자치시  전의면 덕고개길 12-11,https://www.kolmar.co.kr/,,한국콜마
1301110007608,,김영재,경기도 안산시 단원구 강촌로 230 (목내동),www.daeduckholdings.com,,대덕
1101110393134,,정철동,서울특별시 영등포구 여의대로 128 LG트윈타워 (동관 12층),www.lgdisplay.com,,LG디스플레이
1348110000563,,"오영주, 이건화",경기도 용인시 처인구  남사면 경기동로 215 삼화전자공업(주),www.samwha.co.kr,,삼화전자공업
1201110484303,,"김익환, 김경, 김동녕",서울특별시 영등포구 은행로 29 정우빌딩,www.hansae.com,,한세실업
1201110003848,,이준혁,인천광역시 서구  백범로 644,www.dongjin.com,,동진쎄미켐
1601110119712,,지정용,대전광역시 서구 갈마로 160,www.ktcs.co.kr,,KTcs
1101115455476,,강용석,경기도 안양시 동안구 부림로170번길 41-22 (관양동),www.seoyoneh.com,,서연이화
1201110001743,,이보룡,인천광역시 동구  중봉대로 63,www.hyundai-steel.com,,현대제철
1101112271510,,이선주,서울특별시 영등포구 여의대로 14 케이티빌딩 10층,www.ktis.co.kr,,KTis
1311110041192,,유지원,경기도 성남시 분당구 황새울로240번길 3,www.uangel.com,,유엔젤
1311110351682,,Sang Woo Han,"경기도 성남시 분당구 판교역로 152, 14층(백현동, 알파돔타워 3) &nbsp",kakaogames.com,,카카오게임즈
1101111538391,,박재형,경기도 남양주시 경강로 27,www.hlbpharma.co.kr,,HLB제약
1101116981206,,임종룡,서울특별시 중구 소공로 51,www.woorifg.com/,,우리금융지주
1701110262452,,최동락,대구광역시 달서구 성서로35길 26,www.evam.co.kr,,이브이첨단소재
1101110013766,,장인섭,서울특별시 강남구  영동대로 714,www.hitejinroholdings.com,,하이트진로홀딩스
1101111999593,,김지욱,경기도 과천시 과천대로7나길 34 4층(갈현동),www.kinx.net,,케이아이엔엑스
1201110658289,,대표이사 이민섭,인천광역시 연수구 갯벌로 143 -,www.edgc.com,,EDGC
1101110881642,,"민경중, 노병구(각자 대표이사)",서울특별시 영등포구 선유로52길 17,www.ikoas.com,,코아스
1201110011990,,허정석,경기도 화성시  만년로 905-17,www.iljin.co.kr,,일진홀딩스
1101117875440,,김창수,서울특별시 강남구 테헤란로8길 8 -,www.fnf.co.kr,,F&F
1101114324127,,최 두 원,경기도 성남시 중원구 둔촌대로 527 -,www.hyvision.co.kr,,하이비젼시스템
1101110027569,,이승용,서울특별시 마포구  양화로 111,www.samyung.co.kr,,삼영무역
1101110515275,,이환구,"서울특별시 중구 청계천로 8 (무교동, 프리미어플레이스빌딩) 5층",www.heung-a.com,,흥아해운
1101110048490,,"강승모,송상호(각자 대표이사)",서울특별시 용산구  이촌로 166,www.koreapetroleum.com,,한국석유공업
1101110863484,,김상준,"서울특별시 마포구 독막로 311 3층, 5층(염리동, 재화스퀘어)",www.daoudata.co.kr,,다우데이타
1311110002409,,최태홍,경기도 화성시 향남읍 제약단지로 13-39,www.hanaph.co.kr,,하나제약
1101112341850,,이형환,경기도 성남시 수정구 금토로80번길 56 위든타워 1동 1301호,www.motrex.co.kr,,모트렉스
1101111799183,,엄기민,경상남도 밀양시 초동면 초동농공단지길 59 -,kgecosolution.co.kr/K/main/,,KG에코솔루션
2001110455472,,"빈준길, 김동현","서울특별시 강남구 테헤란로 124 삼원타워, 12층",www.neurophet.com/,,뉴로핏
1101116536481,,"신동빈, 이창엽",서울특별시 영등포구 양평로21길 10,www.lottewellfood.com,,롯데웰푸드
1358110266776,,김준석,경기도 평택시 청북읍 드림산단1로 45 -,www.bluemtec.com,,블루엠텍
1358110191121,,이효근,"경기도 수원시 영통구 덕영대로1556번길 16 씨동 4층, 5층",sdbiosensor.co.kr/,,에스디바이오센서
1101110362808,,김기범,서울특별시 영등포구 의사당대로 97 교보증권 7층,www.korearatings.com,,한국기업평가
1349110012243,,최승환,경기도 안양시 동안구 시민대로327번길 11-14(관양동),www.protec21.co.kr,,프로텍
1101115671171,,강율빈,서울특별시 강남구 언주로 508 11층,neptunecompany.kr/,,넵튠
1101110190340,,"심재범, 이영열",충청남도 당진시  면천면 면천로 183,www.samhodev.co.kr/,,삼호개발
1801110602507,,"김완석, 유상철",부산광역시 영도구  태종로 233 한진중공업,www.hjsc.co.kr,,HJ중공업
1101115767269,,남이현,"서울특별시 강남구 학동로 343 16층, 17층(논현동, 더피나클강남)",www.fadu.io/,,파두
1342110002769,,강덕영,세종특별자치시 전동면 노장리 404-10,www.kup.co.kr,,유나이티드
1615110028691,,"윤태영,이상현","경기도 성남시 분당구  대왕판교로 700 A-901(삼평동,코리아바이오파크)",www.oscotec.com,,오스코텍
1101111105364,,김진태 대표이사,"서울특별시 성동구 왕십리로 241 LF층(행당동, 서울숲더샵)",www.ubcare.co.kr,,유비케어
1101111531460,,박영석,서울특별시 마포구  월드컵북로58길 10,www.thepan.co.kr,,팬엔터테인먼트
1101116363868,,최철곤,"경기도 성남시 분당구 분당수서로 477 11층(정자동, HD현대그룹 글로벌 R&D센터)",www.hd-hyundaice.com,,HD건설기계
1101113001685,,김도현,경기도 성남시 분당구 판교로 332 (삼평동),www.skdnd.com,,SK디앤디
1101110026652,,한상철,서울특별시 서초구 사평대로 343,www.jeilpharm.co.kr,,제일파마홀딩스
1401110050944,,차상훈,강원도 춘천시 강원대학길 1 의생명과학대학 B동 602호,www.aprilbio.com/,,에이프릴바이오
2842110063231,,백성진,인천광역시 연수구 아카데미로79번길 38 -,www.knotus.co.kr,,HLB바이오스텝
1913110003485,,이승철,경상남도 고성군 동해면 내산3길 51-1,www.skoceanplant.com/,,SK오션플랜트
1801111065811,,이기동,경기도 성남시 분당구 분당수서로 477 경기도 성남시 분당구 분당수서로 477,www.hd-marinesolution.com/,,HD현대마린솔루션
1101110074479,,김대영,서울특별시 송파구 양재대로 932 가락몰 업무동 11층 동관,www.citech.kr,,씨아이테크
1101117342473,,"정몽익, 변종오(각자대표이사)",서울특별시 서초구 강남대로 587(잠원동),www.kccglass.co.kr,,케이씨씨글라스
1101110342181,,"권형석, 권형운 (공동대표이사)",서울특별시 서초구  방배로 46,www.hwacheon.co.kr,,화천기계
1701110090291,,김환식,경상북도 영천시 영천산단로 379,www.hjncs.com,,한중엔시에스
1311110077896,,김경진,경기도 성남시 분당구 판교로 295,www.samyangbiopharm.com,,삼양바이오팜
1601110003121,,"오태식, 윤길호",대전광역시 서구 문정로48번길 48 -,www.krcon.co.kr,,계룡건설산업
1101112380890,,Doohyun Chang,강원특별자치도 춘천시 동내면 거두단지1길 23 -,www.hugel.co.kr,,휴젤
1101112940933,,정종평,충청북도 진천군  이월면 밤디길 116 이월전기전자농공1단지,-,,나이벡
1601110012742,,김태훈,충청북도 청주시 흥덕구 강내면 서부로 230-23,www.youngbo.com,,영보화학
1101112113142,,"류재완, 송진웅(각자 대표이사)",경기도 김포시 월곶면 김포대로2918번길 22,www.sbb.co.kr/,,에스비비테크
1101110098130,,윤병운,서울특별시 영등포구 여의대로 108 파크원NH금융타워(타워2),www.nhqv.com,,NH투자증권
1101111892333,,"김태욱, 김성현","서울특별시 송파구 동남로 122 문정동, COLLECTED 빌딩",www.ifamily.co.kr,,아이패밀리에스씨
1801110346204,,우종완,서울특별시 송파구 중대로 168 신한빌딩(가락동),-,,티비에이치글로벌
1348110073536,,김경남,경기도 성남시 분당구 판교역로 225-15 업무B동 6층,www.md-best.com,,마이크로디지탈
1341110000567,,정 현,경기도 군포시  엘에스로45번길 120,www.gaoncable.com,,가온전선
1101114951243,,표경원,서울특별시 마포구 양화로 188 9층(동교동),www.aekyungchemical.co.kr,,애경케미칼
1101110008882,,대표이사 회장 허용삼 대표이사 사장 허정훈(각자대표이사),서울특별시 서초구 서초중앙로 63,www.keppack.co.kr,,한국수출포장공업
1101110516695,,현신균,서울특별시 강서구 마곡중앙8로 71,www.lgcns.com,,LG씨엔에스
2149110003625,,김연섭,전라북도 익산시 석암로3길 63-25,www.lotteenergymaterials.com,,롯데에너지머티리얼즈
1101110035728,,김종일,"서울특별시 서초구 반포대로27길 16, 8층(서초동, 파크빌딩)",samyangct.com/,,삼양컴텍
1101110019962,,배형근,서울특별시 영등포구 국제금융로2길 28 현대차증권,hmsec.com,,현대차증권
1348110401886,,이춘흥,경기도 화성시 삼성1로1길 26 석우동,www.thehpsp.com/,,HPSP
1101110070881,,차상권,충청북도 충주시  목행산단2로 59,www.sunny.co.kr,,써니전자
1348110080937,,오태봉,경기도 용인시 처인구 남사면 전나무골길2번길 56-7,www.hn-tech.co.kr,,하나기술
1101110037427,,이용준,서울특별시 종로구 청계천로 35,www.hkcosm.com,,한국화장품제조
1101110057012,,"김정돈, 박미령 (각자대표)",충청남도 공주시 탄천면 탄천산업단지길 80-61 -,www.dongnamchem.com,,동남합성
1801110611863,,김창헌,서울특별시 강남구 언주로 723 8층(논현동),www.csbrg.com,,씨에스베어링
1641110000397,,"정승원,박수진(공동대표이사)",대전광역시 대덕구  상서당1길 43,www.hanall.co.kr,,한올바이오파마
1314110241465,,김휘중 (단독 대표이사),경기도 안산시 단원구  별망로459번길 20 (주)에스제이엠,-,,에스제이엠
1101112373308,,박완갑,서울특별시 서대문구  충정로 8,www.ckdbio.com,,종근당바이오
1846110000583,,"강병중, 강호찬, 문성희",경상남도 김해시  김해대로 2595,www.nexencorp.co.kr,,넥센
1911110000782,,이도균,경상남도 진주시  남강로 1003 (상평동),www.moorim.co.kr,,무림페이퍼
1101110008600,,"김동민, 주봉진",서울특별시 서초구 사평대로 84 이수화학,www.isuchemical.co.kr,,이수화학
1101110092976,,김승언(대표집행임원),서울특별시 강남구 도산대로 240 1964빌딩,www.namyangi.com,,남양유업
1101116265410,,박종환,"경기도 성남시 분당구 분당수서로 477 9층(정자동, HD현대그룹 글로벌 R&D센터)",www.hd-hyundaies.co.kr,,HD현대에너지솔루션
1101116450615,,안종오,서울특별시 강남구 언주로172길 8 -,www.dear-u.co,,디어유
1101116740008,,"정경구, 조태제(각자 대표이사)",서울특별시 용산구 한강대로23길 55 현대아이파크몰 9층,www.hdc-dvp.com,,HDC현대산업개발
2149110058935,,"이두순, 윤재동 (각자 대표이사)",전라북도 익산시 석암로7길 100 (팔봉동),www.doosanfuelcell.com,,두산퓨얼셀
1358110168568,,"김재영, 남정선 (각자대표)",강원도 원주시 지정면 조엄로 321,www.jetema.com,,제테마
1101114952093,,"안종선, 이상훈(공동대표이사)",경기도 성남시 분당구 판교로 286 -,www.hankooktire.com,,한국타이어앤테크놀로지
1101113280099,,"임창욱, 최성수 각자대표이사",서울특별시 중구 세종대로9길 41 올리브타워 2층,-,,대상홀딩스
1101115503308,,김성곤,경기도 안양시 동안구 전파로 88 신원비젼타워 114호.502호.504호.604호.604-1호.비03-1호.비03-2호,www.humasis.com,,휴마시스
1101112095837,,김희철,경상남도 거제시 거제대로 3370 (아주동),www.hanwhaocean.com/pub/main/index.do,,한화오션
1545110039704,,Sung Moo-je,"경기도 시흥시 협력로 231(정왕동, 시화공단 1나 802호) &nbsp",www.stpharm.co.kr,,에스티팜
1101110150659,,고정한,서울특별시 중구 을지로 100 파인애비뉴 B동 22층,www.hansollogistics.com,,한솔로지스틱스
1101110275069,,"정의승, 이우일",서울특별시 중구  을지로5길 19,www.unid.co.kr,,유니드
1101111777585,,"김홍국, 원종홍 (공동대표이사)","경기도 과천시 과천대로7나길 34 4~6층 (갈현동, 가비아 앳)",www.gabia.com,,가비아
1101110145147,,"송녹정,신동윤",서울특별시 동작구 여의대방로 112 도연관 15층,www.youlchon.com,,율촌화학
1942110014431,,양현철,울산광역시 북구 모듈화산업로 115,www.ctrmobility.co.kr,,씨티알모빌리티
1101110343957,,"조인회, 정재열",서울특별시 강남구 언주로 726 두산빌딩 12층,www.idual.co.kr,,두올
1101110019342,,"대표이사 신영섭, 함은경(각자 대표이사)",경기도 과천시 과천대로7길 38 -,www.jw-pharma.co.kr,,JW중외제약
1801110605121,,정병섭,부산광역시 강서구 유통단지1로57번가길 6,www.airbusan.com,,에어부산
1101113045112,,"허태수, 홍순기 (각자 대표이사)",서울특별시 강남구 논현로 508,-,,GS
1101110031479,,이영환,서울특별시 강남구 논현로 508 GS강남타워,www.gsgcorp.com,,GS글로벌
1201110001818,,"김종섭, 김민수",충청북도 음성군  소이면 소이로 313,www.samick.co.kr,,삼익악기
1801110220664,,이채윤,부산광역시 강서구 미음산단로105번길 10,leeno.com/kr,,리노공업
1301110010031,,임석원,서울특별시 구로구 디지털로31길 12 태평양물산,www.panpacific.co.kr,,TP
1101114810308,,"김기현, 송지혜(각자대표)",서울특별시 강남구 테헤란로 124 삼원타워 4층,www.manyo.co.kr,,마녀공장
1701110002171,,"오순택, 오승민",경상북도 포항시 남구  괴동로 112 (장흥동) 동일산업(주),www.dongil.co.kr,,동일산업
1341110195582,,허진영,"경기도 과천시 과천대로2길 48 (갈현동, 펄어비스 홈 원)",www.pearlabyss.com,,펄어비스
1351110047419,,"이재환, 최현순 각자 대표이사",충청남도 아산시 둔포면 아산밸리로 285 (주)코윈테크,www.cowintech.com,,코윈테크
1101110005333,,박주형,서울특별시 영등포구 국제금융로2길 24 -,www.tongyanginc.co.kr,,동양
1311110046291,,김남석,경기도 평택시 청북면 청북산단로 138,www.lbsemicon.com,,LB세미콘
1801110054641,,박제완,부산광역시 강서구 과학산단로 194-11 (주)엔케이,www.nkcf.com,,엔케이
1801110007088,,양성아,부산광역시 사상구  삼덕로 5 148,www.chokwangpaint.co.kr,,조광페인트
1101110008212,,이동수,서울특별시 서대문구 신촌역로 30 -,www.korealines.co.kr,,대한해운
1801110181428,,"구본규, 김병옥(각자대표)",부산광역시 동구 중앙대로 184 16층,lsmarinesolution.co.kr,,LS마린솔루션
1901110012514,,"황성호, 박기원",경상남도 창원시 의창구 죽전로 45,www.samhyun.co.kr,,삼현
1101110275134,,박태현,"서울특별시 성동구 왕십리로 83-21 디타워동 14층(성수동1가, 아크로 서울포레스트)",www.smcultureandcontents.com,,SM C&C
1350110029881,,"조시영, 조경호, 박주황","경기도 안산시 단원구  산단로67번길 94  (목내동, (주)서원)",www.swbrass.co.kr,,서원
1101110042880,,박재석,경상남도 창원시 성산구  남면로 599,www.hisntd.com,,SNT다이내믹스
1101114017227,,강국진(단독대표),경기도 용인시 기흥구 동백중앙로16번길 16-25 201호 &nbsp,www.lnkbiomed.com,,엘앤케이바이오
1101110076300,,"신동빈, 고정욱, 노준형",서울특별시 송파구 올림픽로 300 롯데월드타워,www.lotte.co.kr,,롯데지주
1101110010001,,"이석준, 조영한","서울특별시 종로구 청계천로 35 13층(서린동, 관정빌딩)",www.sycc.co.kr,,삼영
1746110022860,,홍성만,경상북도 포항시 남구 대송면 송덕로212번길 195,www.nexteel.co.kr,,넥스틸
1942110038423,,김종서,경상남도 창원시 성산구 공단로 67 (신촌동),www.hanwha-engine.com,,한화엔진
1501110205802,,"전영선, 김영구",충청북도 청주시 흥덕구 산단로 73 &nbsp,www.simmtech.co.kr,,심텍
1701110039207,,장제상,대구광역시 달서구 달서대로 554,www.se-won.co.kr,,세원정공
1301110009274,,"구조웅, 구영일",경기도 안산시 단원구  강촌로 237,www.wiscom.co.kr,,WISCOM
1101111799513,,이장규,경기도 성남시 수정구 금토로80번길 27 ㈜텔레칩스 판교사옥,www.telechips.com,,텔레칩스
1101114129585,,성기학,서울특별시 중구  만리재로 159,-,,영원무역
1101111227077,,조창선(단독대표이사),경기도 화성시 동탄첨단산업1로 27 금강펜테리움IX타워 A동 901호,www.ctcbio.com,,씨티씨바이오
1601110069636,,"김기호, 이석준",경기도 성남시 분당구 운중로 117 포모나타워 5층,www.kael.co.kr,,젬백스
1615110030026,,"쿠마카와 테츠야, 치카자와 사토시",충청남도 천안시 동남구 병천면 가전5길 133,www.saeronauto.co.kr,,새론오토모티브
1243110022866,,이행명,경기도 화성시 팔탄면 노하길 361-12,www.myunginph.co.kr,,명인제약
1101111846174,,신유정,"서울특별시 중구 남대문로 78 7층(명동1가, 타임워크명동빌딩)",www.able-cnc.com,,에이블씨엔씨
1101112125262,,김학재,서울특별시 강남구 삼성로 511 아이콘 삼성,www.imarketkorea.com,,아이마켓코리아
1101113229097,,김정아,서울특별시 강남구 강남대로 308,www.innocean.com,,이노션
1101111264764,,정욱,"서울특별시 강동구 강동대로 205 (성내동, JYP Center 빌딩)",www.jype.com,,JYP Ent.
1301110008789,,"권혁홍, 권택환 (각자대표이사)",경기도 안산시 단원구 별망로 129 -,www.dygroup.co.kr,,신대양제지
1347110001159,,"손연호, 손흥락, 장희철",경기도 평택시 서탄면 수월암길 95 -,www.kdnavien.co.kr,,경동나비엔
1311110319656,,정규동,경기도 성남시 수정구 금토로40번길 26 A동 4층,www.gaonchips.com,,가온칩스
1243110006456,,전운관,인천광역시 남동구 남동대로 248 (주)에이엔피,anpcb.co.kr,,에이엔피
1101110037740,,"박승우,곽준상,손영일,김덕구",서울특별시 강남구  삼성로 438 도화타워,www.dohwa.co.kr,,도화엔지니어링
1347110002644,,정학헌,서울특별시 강남구 압구정로 104 501호,spinc.co.kr,,신풍
1812110002548,,이도균,울산광역시 울주군 온산읍 우봉강양로 3-36 -,www.moorimpnp.co.kr,,무림P&P
1101110256788,,승만호,서울특별시 양천구  신정로 167,,,서부T&D
1313110038864,,"석종욱, 문승보(각자대표)",경기도 화성시 동탄면 동탄산단6길 15-13,www.gst-in.com,,GST
1101110141369,,고동수,경기도 안산시 단원구 산성로 21 (초지동),www.iljeong.co.kr,,일정실업
1101111670044,,김병수,서울특별시 강서구 마곡중앙5로1길 37,www.robotis.com,,로보티즈
1101110016679,,허승범,"서울특별시 서초구  효령로 155 (방배동, 삼일제약 사옥)",www.samil-pharm.com,,삼일제약
1101113136383,,민동욱,"인천광역시 연수구 송도과학로16번길 13-39 엠씨넥스 타워 송도동, 엠씨넥스타워",www.mcnex.co.kr,,엠씨넥스
1101110048002,,이의범,"서울특별시 금천구 벚꽃로 278 6층(가산동,에스제이테크노빌)",www.sgsegye.com,,SG세계물산
1101112137358,,대표이사 사장 이계인,서울특별시 강남구 테헤란로 440 포스코센터,www.poscointl.com,,포스코인터내셔널
1101111468754,,김영섭,경기도 성남시 분당구 불정로 90 KT 본사,www.kt.com,,케이티
2059110000169,,"김진곤, 김두인(각자대표)",광주광역시 광산구 용아로 717,www.kumhoht.co.kr,,금호에이치티
1101115248376,,신동우,경상북도 상주시 청리면 마공공단로 60 -,nanoin.com,,나노
1812110000758,,"최정연, 이동원 (각자 대표이사)",울산광역시 북구 공단길 4 (효문동),www.sjku.co.kr,,SJG세종
1101110065395,,"대표이사 사장 정일선, 대표이사 전무 김성문(각자 대표이사)",경상남도 창원시 성산구  적현로 124,www.hyundai-bngsteel.com,,현대비앤지스틸
1311110028116,,김응수,세종특별자치시   전동면 배일길 31,www.chemtronics.co.kr,,켐트로닉스
1101110095152,,신성엽,서울특별시 서초구  남부순환로 2495 원림빌딩 9층,www.wonlim.co.kr,,원림
1101113691973,,"곽근호, 황승목(각자대표)","서울특별시 강남구 테헤란로4길 14 14층(역삼동, 미림타워)",www.aplusga.com,,에이플러스에셋
1449110000072,,김광재,강원도 정선군 사북읍 소금강로 3583-1 1층 101호(하이시티1),www.hlbglobal.co.kr,,HLB글로벌
1101111686728,,김영신,경기도 안양시 동안구 시민대로 115 503호(호계동),joongangdnm.co.kr,,중앙첨단소재
1101119084198,,김광진,서울특별시 중구 삼일대로 343,www.daishinvaluereit.com/,,대신밸류리츠
1101110031560,,주 원,서울특별시 영등포구 여의대로 108 파크원 타워1,www.sangsanginib.com,,상상인증권
1101110180888,,윤세철,서울특별시 마포구 독막로 324 동서빌딩,www.dongsuh.com,,동서
1101110126783,,박의헌,서울특별시 강남구 테헤란로8길 8 센터포인트강남,www.fnfholdings.com,,F&F 홀딩스
1101110017411,,"김종수, 이동철(각자대표)","경기도 용인시 기흥구 흥덕중앙로 120 비122호(영덕동, 흥덕유타워)",www.namkwang.co.kr,,남광토건
1101116583490,,정인국,서울특별시 영등포구 선유로43길 27,www.kcar.com,,케이카
1311110005114,,신준섭,경기도 평택시  세교산단로 61,www.smec-korea.co.kr,,성문전자
1101111296676,,홍범식,서울특별시 용산구 한강대로 32 (한강로3가) LG유플러스 용산사옥,www.uplus.co.kr,,LG유플러스
1760110007234,,남광희,경상북도 구미시  1공단로10길 53-12 (주)KH바텍,www.khvatec.com,,KH바텍
2149110002560,,최재완,전라북도 익산시 약촌로8길 62-8 (어양동),www.auk.co.kr,,광전자
1942110032714,,김상경,경기도 화성시 동탄면 영천로 38,www.sfa.co.kr,,에스에프에이
1101111020728,,"박동석, 한익희 (공동대표)",경기도 안산시 단원구 시화벤처로 481,www.sanil.co.kr,,산일전기
1101110139190,,이창환,서울특별시 동작구 동작대로 35 -,www.moonbaesteel.co.kr,,문배철강
1301110008771,,이반석,서울특별시 강남구  학동로 311 미성빌딩 7층,galaxiasme.com,,갤럭시아에스엠
1101110018138,,홍성우,서울특별시 중구 삼일대로 299 (충무로2가),www.rifa.co.kr,,이화산업
1752110009005,,송종화,경기도 성남시 수정구 금토로80번길 15-3 (금토동),kyochonfnb.com,,교촌에프앤비
1101115798272,,"박인원, 김민표, 조길성",경기도 수원시 권선구 산업로156번길 79,www.doosanrobotics.com,,두산로보틱스
1348110068248,,"최우형, 임종필 (각자 대표이사)",경기도 이천시 마장면 서이천로 58-47,www.vmsemi.com,,브이엠
1101110040165,,"허기호, 박지훈",서울특별시 서초구 효령로 275 서초동 1587 한일시멘트빌딩,www.hanil.com,,한일홀딩스
1351110102065,,"김영일, 장철수",경기도 화성시 양감면 초록로 868-12,www.g2p.co.kr,,지투파워
1101110222151,,"정욱, 정동훈","서울특별시 용산구 한강대로23길 55 6층 1-1호(한강로3가,현대아이파크몰 테마파크)",daewonmedia.com,,대원미디어
1101114780072,,유석환,"서울특별시 금천구 디지털로10길 9, 12층",rokithealthcare.com,,로킷헬스케어
1101116770170,,"임진달, 성낙양(각자 대표이사)",서울특별시 마포구 마포대로 119 효성빌딩,www.hyosungadvancedmaterials.com,,HS효성첨단소재
1101115837294,,서길석,서울특별시 강남구 삼성로 511,koramcothe1.com,,코람코더원리츠
1101112322438,,진옥동,서울특별시 중구 세종대로9길 20 태평로2가,www.shinhangroup.com,,신한지주
1701110429523,,황병우,대구광역시 북구 옥산로 111 대구은행 제2본점 9층,www.imfngroup.com,,iM금융지주
1344110046664,,이범권,경기도 이천시  대월면 사동로 76,www.sj.co.kr,,선진
1201110454976,,박병률,"서울특별시 강서구 공항대로 453, 3층",www.jinair.com,,진에어
1101110301111,,"김민정, 정구일, 박충기 (각자 대표이사)",서울특별시 강서구  공항대로 467 (등촌동),www.bkmp.co.kr,,태경비케이
1101111530959,,박진형,"경기도 성남시 중원구 사기막골로 52 5층(상대원동, 선텍시티2)",http://www.synergyinnovation.co.kr,,시너지이노베이션
1201110038209,,"이상원, 이상열(각자 대표이사)",인천광역시 남동구  남동대로369번길 18,www.sftc.co.kr,,상아프론테크
1101110099774,,이명순,서울특별시 종로구 김상옥로 29,www.sgic.co.kr,,서울보증보험
1701110021600,,"진양곤, 백윤기 (각자대표)",세종특별자치시  연동면 명학산단서로 10-5 -,hlbbio.co.kr,,HLB
1147110003729,,"김한준, 전제형(각자 대표이사)",경기도 시흥시 공단1대로27번길 47,www.baiksan.co.kr,,백산
1101114720945,,강호성,서울특별시 종로구 종로33길 31 삼양사,www.samyangcorp.com,,삼양사
1101110048143,,"정순옥, 유용환 (각자 대표이사)","서울특별시 강남구 테헤란로 620 에이동 12층 (대치동, 미래에셋타워)",reyonpharm.co.kr,,이연제약
1648110105010,,"장경호, 강정태(각자 대표이사)",충청남도 아산시 둔포면 아산밸리로 171,www.innoxamc.com,,이녹스첨단소재
1101110254104,,"강병은,손용수","경기도 안산시 단원구 산단로 265 (원시동, 대영포장(주))",www.dypc.co.kr,,대영포장
1101110006456,,나채범,서울특별시 영등포구  여의대로 56 한화손해보험(주),www.hwgeneralins.com/,,한화손해보험
1801110006915,,박도현,부산광역시 동구 중앙대로 168(초량동),www.chunilexpress.com,,천일고속
1101115938985,,최우형,서울특별시 중구 을지로 170 을지트윈타워,www.kbanknow.com,,케이뱅크
1311110082427,,"김도원, 김윤건",경기도 평택시 산단로 16번길 72,www.tesna.co.kr,,두산테스나
1801110003391,,김재현,"부산광역시 부산진구 중앙대로 639 18층(범천동, 엠디엠타워)",www.jevisco.com,,강남제비스코
1601110393069,,"최덕형, 박강수",서울특별시 강남구 영동대로 735 -,www.golfzon.com,,골프존
1846110000319,,변성희,충청남도 당진시  송산면 무수들길 370,www.fskrc.co.kr,,한국내화
1101110012776,,박대창,서울특별시 서초구  바우뫼로27길 2 일동제약빌딩,www.ildong.com,,일동홀딩스
1101110215536,,"정의선, 이규석",서울 강남구 역삼1동 로담코빌딩 140-2,www.mobis.com,,현대모비스
1601110094162,,박장우,세종특별자치시   부강면 금호안골길 78 부용지방산업단지내,anapro.com,,나노신소재
1101111113929,,박준석,서울특별시 구로구 디지털로26길 72 -,www.kcp.co.kr,,NHN KCP
1101113386954,,법인이사 케이비자산운용(주),"서울특별시 영등포구 국제금융로 10, 40층, 41층 40층, 41층",,,KB발해인프라
1101115695337,,조덕수,경기도 과천시 과천대로12길 110 (문원동),www.rfhic.com,,RFHIC
1101110124969,,"염병만, 염병진","서울특별시 관악구  남부순환로 2028 남현동, 동방빌딩",www.dongbangagro.co.kr,,동방아그로
1201110845638,,이종주,인천광역시 남동구 앵고개로449번길 42,naurobot.com,,나우로보틱스
1101110028541,,이홍민,서울특별시 구로구 디지털로33길 48 대륭포스트타워7차 17층,www.khe.co.kr,,금호전기
1101111682932,,김영섬,"서울특별시 서초구 강남대로 327 6층, 7층, 9층(서울특별시 서초구 강남대로)",konantech.com,,코난테크놀로지
1347110000408,,권혁범,경기도 평택시 진위면 서탄로 9,www.yp21.co.kr,,블루산업개발
1101110003543,,"구광모, 권봉석",서울특별시 영등포구  여의대로 128,www.lg.co.kr,,LG
1101110414126,,한상욱,"경기도 과천시 과천대로12길 117 제이동 801호,802호,901호(갈현동,과천펜타원)",www.comtec.co.kr,,아이티센씨티에스
1341110003595,,김유진(대표집행임원),경기도 안산시 단원구 번영2로 144,company.hanssem.com,,한샘
1244110019788,,강득주,"인천광역시 연수구 송도과학로 56 2214호(송도동, 송도테크노파크비티센터)",www.jeio.co.kr/,,제이오
1101110019350,,"설 범, 김 인호","서울특별시 중구 중림로 48 (중림동, 성준빌딩)",www.thtc.co.kr,,대한방직
1746110004644,,손경익,경상북도 포항시 북구 청하면 동해대로2315번길 54-2 -,www.synopex.com,,시노펙스
1101112819005,,박준,서울특별시 동작구  여의대방로 112 (신대방동),www.nongshimholdings.com,,농심홀딩스
1615110044225,,"신정훈, 이상진(각자대표)",충청남도 천안시 서북구 성거읍 천흥8길 67-26,www.ht.co.kr,,해태제과식품
1101111002122,,백종원,"서울특별시 강남구 봉은사로1길 39 5, 6층",www.theborn.co.kr/,,더본코리아
1101110026181,,엄태웅,서울특별시 종로구 종로33길 31,www.samyang.com,,삼양홀딩스
1101113301457,,윤두현,서울특별시 강남구 삼성로 610 삼성동,www.grandkorea.com,,GKL
1101110003262,,송영규,"서울특별시 영등포구 여의나루로 60 9층 (여의도동, 포스트타워)",www.eusu-holdings.com,,유수홀딩스
2111110001090,,"김응상, 경상호 (각자대표)","전라북도 군산시  외항1길 24 (소룡동,0)",hannong.koreasme.com,,한농화성
1101110703210,,"고상걸, 권홍빈(각자대표이사)",경기도 안성시 미양면 제2공단3길 30 -,www.kct.co.kr,,케이씨
1101110006612,,금정호,"서울특별시 영등포구 국제금융로8길 16 (여의도동, 신영증권빌딩)",www.shinyoung.com,,신영증권
1101111673220,,정종민,서울특별시 용산구 한강대로23길 55 아이파크몰 6층(한강로동),www.cgv.co.kr,,CJ CGV
1101110013287,,"김준, 김담",서울특별시 영등포구 영중로 15 (영등포동 4가),www.kyungbang.co.kr,,경방
1717110036705,,"홍성준, 최재현",서울특별시 강서구 마곡중앙로 172 바이오이노베이션파크,genexine.com,,제넥신
1311110446029,,Song Soo-young,경기도 성남시 수정구 창업로 17 판교 아이스퀘어 A동 8층,www.huons.com,,휴온스
1101110539382,,"허흥범, 박건원 (각자대표)",서울특별시 성동구 연무장11길 8 성수2가 273-50,www.kidaristudio.com,,키다리스튜디오
1201110001959,,백오현,인천광역시 남구 염전로 91,www.eagon.com,,이건산업
1201110005266,,김용우,강원도 춘천시 남산면 버들1길 130,www.douzone.com,,더존비즈온
1355110319406,,구본학,경기도 시흥시 엠티브이북로 349(정왕동),"www,cuckoo.co.kr",,쿠쿠홈시스
1101110189955,,Anwar A. Al-Hejazi (안와르 에이 알-히즈아지),서울특별시 마포구  백범로 192,www.s-oil.com,,S-Oil
1101113909839,,"하승봉, 이지철",서울특별시 강남구 학동로37길 8 &nbsp,www.giantstep.co.kr,,자이언트스텝
1101110000086,,"신동빈, 김원재",서울특별시 중구  남대문로 81 (소공동),www.lotteshoppingir.com/,,롯데쇼핑
1942110003096,,구본상·이동한(각자 대표이사),경상남도 창원시 성산구  공단로271번길 39 신성델타테크(주),www.ssdelta.co.kr,,신성델타테크
1101117343356,,승만호,"서울특별시 중구 세종대로 136 4층, 6층 (태평로1가, 서울파이낸스센터)",shsbreit.com,,신한서부티엔디리츠
1101118993457,,"조현상, 안성훈",서울특별시 마포구 마포대로 119 (공덕동),www.hshyosung.com,,HS효성
1101110842785,,김성일,"서울특별시 서초구 반포대로 19 (서초동, 현대퓨처넷빌딩)",www.hyundaifuturenet.com,,현대퓨처넷
1301110010015,,강재영,경기도 시흥시 공단1대로379번안길 74,www.tailim.com,,태림포장
1101112577885,,김철영,충청북도 청원군  옥산면 과학산업1로 16 미래나노텍(주),www.mntech.co.kr,,미래나노텍
1801110000230,,"임우근,임준호(각자대표)",부산광역시 영도구  태종로 63,www.hsep.com,,한성기업
1101110393308,,박성희,"서울특별시 중구 통일로 92 케이지타워 서울 중구 순화동 1-170, 케이지타워, 5층",kg-steel.co.kr,,KG스틸
1311110729441,,김해중,경기도 성남시 분당구 판교로 332,www.sketernix.com,,SK이터닉스
1101110100951,,김학수,서울시 강남구 삼성로648 삼성동,www.miraeing.co.kr,,미래아이앤지
1101110003684,,박윤기,서울특별시 서초구 서초대로70길 15,company.lottechilsung.co.kr,,롯데칠성음료
1101110165393,,강동엽,서울특별시 강남구 테헤란로2길 8 4층 13호,www.daewon21.co.kr,,대원화성
1101110006349,,김태균,"인천광역시 연수구 컨벤시아대로 69 (송도동 , 송도밀레니엄 807호)",www.chinhung.co.kr,,진흥기업
1101111906887,,송재민,"서울특별시 영등포구 당산로41길 11, SK V1센터 E동 5층",www.emro.co.kr,,엠로
1101110166903,,"양준영, 박승구, 이찬수(각자대표이사)",서울특별시 마포구  마포대로 137  KPX빌딩,www.kpxchemical.com,,KPX케미칼
1101112922478,,박광훈,"서울특별시 영등포구 선유로 70, 509호(문래동 3가, 우리벤처타운2)",walkbot.co.kr,,피앤에스로보틱스
1101110113384,,김 성 식,"서울특별시 중구  퇴계로 307 광희동 1가, 광희빌딩",www.byucksan.com,,벽산
1101112691651,,김남구,서울특별시 영등포구  의사당대로 88,www.koreaholdings.com,,한국금융지주
1101110014409,,대표이사 조욱제,서울특별시 동작구  노량진로 74,www.yuhan.co.kr,,유한양행
1101110011679,,"김미섭, 허선호",서울특별시 중구 을지로5길 26 미래에셋 센터원빌딩 이스트타워,securities.miraeasset.com,,미래에셋증권
1101112686024,,엄정근,충청남도 당진시 송악읍 부곡공단4길 28-252,www.histeel.co.kr,,하이스틸
1615110001613,,"한봉섭,정보윤(각자대표)",충청남도 천안시 서북구 천일고3길 47,www.soosanind.co.kr,,수산인더스트리
1243110008999,,"곽정현, 김재익",울산광역시 울주군 온산읍 당월로 322,www.kgchem.co.kr,,KG케미칼
1101117232799,,"김종원, 김정현",대전광역시 유성구 테크노8로 64 (용산동),없음,,원텍
1201110018251,,홍동환,충청북도 충주시 충주호수로 36 (목행동) 코스모신소재 주식회사,www.cosmoamt.com,,코스모신소재
1101110035893,,이석현,서울 종로구 세종로 현대해상화재보험빌딩,www.hi.co.kr,,현대해상
1345110004412,,현기진,경기도 용인시 처인구 포곡읍 금어로 405 엠케이전자,www.mke.co.kr,,엠케이전자
1101110048987,,엄정헌,서울특별시 중구  퇴계로27길 28 (한영빌딩 9층),www.hanilsteel.co.kr,,한일철강
1201110720228,,이돈행,인천광역시 연수구 벤처로100번길 6,www.nextbiomedical.co.kr,,넥스트바이오메디컬
1101110531578,,김민덕,서울특별시 강남구  도산대로 523 한섬빌딩,www.handsome.co.kr,,한섬
1101110139017,,김종현,서울특별시 용산구  이태원로 222 제일기획,www.cheil.co.kr,,제일기획
2301110312741,,"이상균, 노진율 (각자 대표이사)",울산광역시 동구 방어진순환도로 1000,www.hhi.co.kr,,HD현대중공업
1101110021678,,"고은희, 손병국",서울특별시 서대문구  연희로 142,www.dlt.co.kr,,대림통상
1101114357110,,김민석,서울특별시 서초구 명달로 94,www.pinkfongcompany.com,,더핑크퐁컴퍼니
1101111698145,,이재석,서울특별시 동작구 보라매로5길 15,www.cafe24.com,,카페24
1101116420361,,"성석제, 한상철 (공동대표)",서울특별시 서초구 사평대로 343 제일약품 사옥,www.jeilpharm.co.kr,,제일약품
1647110001591,,윤상현,세종특별자치시  전의면 덕고개길 12-11,www.kolmarholdings.co.kr,,콜마홀딩스
1301110007765,,임재황,충청북도 충주시 주덕읍 대창길 70 -,www.bosungpower.co.kr,,보성파워텍
1101110126642,,"이시창, 황문성",서울특별시 금천구  가산디지털2로 61,www.kukdo.com,,국도화학
1101110393457,,박용철 박진호,"서울특별시 마포구 마포대로 19 신화빌딩, 11층, 12층",www.hojeon.com,,호전실업
1101110724107,,"고진업, 박시홍",경기도 안산시 단원구 산단로 68번길 58(초지동),www.thera-gen.com,,테라젠이텍스
1348110048183,,"장동복, 강임수 각자대표이사",경기도 평택시 진위면 마산12로 27 예스티,www.yest.co.kr,,예스티
1101110034960,,서동규,서울특별시 성동구  성수이로24길 3 (주)신도리코,www.sindoh.com,,신도리코
1101110952055,,안병철,서울특별시 강서구 마곡중앙2로 49 -,www.gncenergy.co.kr,,지엔씨에너지
1101110004632,,윤춘성,서울특별시 종로구 새문안로 58 LG광화문빌딩,www.lxinternational.co.kr,,LX인터내셔널
1101111343930,,장송선,서울특별시 강서구 마곡중앙8로7길 21 -,helixmith.com,,헬릭스미스
1101110204498,,강석환,경기도 화성시 팔탄면 시청로 971 212호,www.yuyang.co.kr,,와이투솔루션
1101110215578,,임항순,경기도 성남시 중원구  둔촌대로388번길 32 (상대원동),www.cjseafood.net,,CJ씨푸드
1101110037998,,"송호성,최준영(각자 대표이사)",서울특별시 서초구 헌릉로 12 기아자동차,www.kia.co.kr,,기아
1101114816570,,이동원,서울특별시 구로구 디지털로29길 38 에이스테크노타워Ⅲ1206호,www.osteonic.com,,오스테오닉
1311110047918,,박성식,제주특별자치도 제주시 첨단로 330 A동 2층,www.jeju-semi.com,,제주반도체
1101110015853,,조영준,서울특별시 중구 퇴계로 212,www.daehancinema.co.kr,,세기상사
1101116865103,,김남용,"서울특별시 금천구 디지털로9길 41 2층 202호, 204호 ~ 213호 (가산동, 삼성아이티해링턴타워) &nbsp",curiox.co.kr/,,큐리옥스바이오시스템즈
2052110005288,,"한상원, 한남철",전라남도 화순군  동면 동농공길 26-2,www.dasco.kr,,다스코
1101110030405,,이제영,서울특별시 동작구  대방동1길 47,www.bukwang.co.kr,,부광약품
1101115685966,,손성은,서울특별시 서초구 효령로 321 덕원빌딩,www.megastudy.net,,메가스터디교육
1501110307674,,김종섭,충청북도 청주시 청원구 오창읍 과학산업2로 587-40,www.ecoprohn.co.kr,,에코프로에이치엔
1201110002957,,"이창원,이원준",인천광역시 연수구 갯벌로 38,www.ket.com,,한국단자공업
1101114342228,,이용준,서울특별시 종로구 청계천로 35,www.ihkcos.co.kr,,한국화장품
1101110290778,,"구본혁, 이창우",서울특별시 용산구 한강대로 92 LS 용산타워,www.inveni.com,,INVENI
1101111283657,,"윤요현, 박서영",서울특별시 강남구 테헤란로87길 36 도심공항타워 층,www.hanmiparsons.com,,한미글로벌
1311110745562,,김기철,경기도 성남시 분당구 판교로319번길 6,www.hanwhavision.com,,한화비전
1101115618355,,Choi Yoon-seok,서울특별시 강남구 테헤란로 208 클래시스,classys.co.kr,,클래시스
1101110035794,,"이태성, 김수호",서울시 마포구 양화로 45,www.seahbesteel.co.kr,,세아베스틸지주
1301110006296,,정혜승,"경기도 시흥시  군자천로 171 (정왕동, 시화공단2다504)",www.inzi.co.kr,,인지컨트롤스
1101110522436,,"이정훈, 김홍민",경기도 안산시 단원구 산단로 163번길 97-11,www.seoulsemicon.com,,서울반도체
2047110003887,,"왕삼동, 이석문",전라남도 해남군 화원면 조선소길 498,www.daehanship.com,,대한조선
1701110000034,,"이성엽,정문호",대구광역시 북구 검단공단로 32 -,www.slworld.com,,에스엘
1101116363850,,김영기,경기도 성남시 분당구 분당수서로 477 HD현대 글로벌 R&D센터,www.hd-hyundaielectric.com,,HD현대일렉트릭
1942110000191,,강근욱,충청남도 보령시 주교면 관창공단길 50 -,www.youngwire.com,,영흥
1101110554992,,홍재성,서울특별시 송파구 위례성대로 138 (방이동),www.jskor.com,,제이에스코퍼레이션
1812110002275,,백승륜,울산광역시 남구  처용로 260-37,www.kibplugenergy.com,,DKME
1101115604700,,한경록,"서울특별시 중구 을지로 100 비동 (을지로2가, 파인애비뉴)",www.hansolpaper.co.kr,,한솔제지
1311110288992,,"이환철, 이재호 (각자 대표이사)","경기도 성남시 중원구 둔촌대로 474, 605호, 606호, 607호 (선텍시티)",www.lncbio.co.kr,,엘앤씨바이오
1701110166737,,김광현,대구 달서구 월암동 1107번지,www.avaco.co.kr,,아바코
1101118626561,,류승호,서울특별시 서초구 사평대로 84,www.isuspecialtychemical.com,,이수스페셜티케미컬
1101111204637,,이상윤,대전광역시 유성구  테크노2로 263 (주)인텍플러스,www.intekplus.com,,인텍플러스
1350110103601,,"임우현, 임시연 (각자대표)",경기 안산시 단원구 신길동 1055603-4호,www.newflex.co.kr,,뉴프렉스
1301110011815,,유 제 만,경기도 안산시 단원구 원시로 7,www.shinpoong.co.kr,,신풍제약
1348110045535,,이기채,경기도 수원시 권선구 산업로 185 (주)원익피앤이,www.wonikpne.com,,원익피앤이
1101113595852,,미래에셋자산운용(주),서울 영등포구 여의도동 미래에셋빌딩 45-1,www.miraeasset.com,,맵스리얼티
1801110003101,,류광지,부산광역시 사상구 낙동대로960번길 77 (감전동),www.kyc.co.kr,,금양
1701110391532,,이수진,"경기도 화성시 병점중앙로 156 202호(진안동, 드림빌딩)",www.meta-care.co.kr,,메타케어
1942110326208,,김병근,경상남도 창원시 성산구 완암로 171,www.mncsolution.com,,엠앤씨솔루션
1101113085598,,김민용,충청북도 청주시 흥덕구 직지대로409번길 37,www.endss.com,,에코앤드림
1311110030335,,문성준,충청남도 아산시 음봉면 산동로 87,www.ncbnet.co.kr,,HB테크놀러지
1101110101470,,박 명 덕,서울특별시 서초구  마방로10길 5,www.kecholdings.co.kr,,한국전자홀딩스
1101110346901,,김이태,서울특별시 중구  세종대로 67,www.samsungcard.co.kr,,삼성카드
1101116770138,,김치형,서울특별시 마포구 마포대로 119,www.hyosungtnc.com,,효성티앤씨
1311110433589,,"이재원, 김한철 각자대표","경기도 성남시 분당구 정자일로 248, 16층",www.suprema.co.kr,,슈프리마
1348110003187,,김재교,경기도 화성시 팔탄면 무하로 214 한미약품(주) 팔탄공단,www.hanmiscience.co.kr,,한미사이언스
1101110404361,,최용석,부산광역시 사하구 신산로 99 -,www.dsfinetec.co.kr,,동성화인텍
1801110058742,,이혁종,부산광역시 사하구 다대로 368-3,www.bi-nex.co.kr,,바이넥스
1101110240509,,남궁홍,서울특별시 강동구 상일동 500 삼성 GEC,www.samsungena.com,,삼성E&A
1801110039396,,박권일,경상남도 김해시 생림면 봉림리 1072-1,www.dcf.co.kr,,대창단조
1101110134819,,이관우,서울특별시 금천구  가산디지털1로 33,www.daidong.com,,대동전자
1942110223694,,최영식,경상남도 창원시 성산구 웅남로 726,www.haesungds.com,,해성디에스
1501110005955,,"김상면, 김찬용(각자대표)",충청북도 청원군  북이면 충청대로 1217,www.jahwa.co.kr,,자화전자
1101112070334,,"천종윤, 이대훈 각자대표이사",서울특별시 송파구 오금로 91(방이동) 7층,www.seegene.co.kr,,씨젠
1348110294273,,"최경, 이병만","경기도 화성시  향남읍 제약공단1길 27, 2길 46",www.cosmax.com,,코스맥스
1101110057574,,이병학,서울특별시 동작구  여의대방로 112,www.nongshim.com,,농심
1101110031510,,박현철,서울 영등포구 여의도동 34-2,www.bookook.co.kr,,부국증권
1101110019334,,함영제,경기도 안산시 단원구  시화로 38 (성곡동),www.choheung.co.kr,,조흥
1101116770154,,우태희,서울특별시 마포구 마포대로 119 효성빌딩,www.hyosungheavyindustries.com,,효성중공업
1101116052164,,Jang Kyung-ik,"서울특별시 마포구 매봉산로 75 1701호 (상암동, 디디엠씨)",www.studiodragon.net,,스튜디오드래곤
1341110011712,,"조점근,정용욱",충청남도 아산시 둔포면 아산밸리동로 100 -,dongwonsystems.com/,,동원시스템즈
1341110142575,,김학근,경기도 안양시 만안구  박달로 351,-,,노루페인트
1101112276784,,이원휘,경상북도 포항시 남구 대송로 62(장흥동),www.dongkuksnc.co.kr,,동국S&C
1101111105215,,홍정국,서울특별시 강남구 테헤란로 405,www.bgf.co.kr,,BGF
1101110017867,,이명길,서울특별시 중구 을지로 100 파인애비뉴 B동 24층,www.hansol.com,,한솔홀딩스
1345110064482,,"주숭일, 이재호 (각자 대표이사)",경기도 용인시 처인구 양지면 중부대로 2374-36,www.hites.co.kr,,테스
1101110030528,,"안병덕, 이규호",경기 과천시 별양동 1-23 코오롱타워,www.kolon.com,,코오롱
1101116417805,,이승준,서울특별시 용산구 백범로90다길 13,www.orionworld.com,,오리온
1101115501550,,이성호,서울특별시 강남구 도산대로 318 &nbsp,www.cmesrobotics.ai/,,씨메스
1601110091283,,김이을,대전광역시 유성구 엑스포로 441 (문지동),www.satreci.com,,쎄트렉아이
2201110000819,,이희수,제주특별자치도 제주시 1100로 3351 세기빌딩,www.e-jejubank.com,,제주은행
1101110005664,,조덕현,"서울특별시 서대문구  서소문로 21 (충정로3가, 충정타워)",www.chonbang.co.kr,,전방
1452110021112,,"장명호, 홍준호(각자대표이사)","서울특별시 송파구 송파대로 167 비동 1014호(문정동, 문정역 테라타워)",www.gi-innovation.com/kr/,,지아이이노베이션
1201110592130,,김동헌,인천광역시 서구 첨단기술로 87 (주)유일로보틱스 청라국제도시 사옥,www.yuilrobotics.com,,유일로보틱스
1101112732413,,김상현,"서울특별시 강남구 테헤란로 509 엔씨타워1  7층,8층",www.chipsnmedia.com,,칩스앤미디어
1101112615578,,박동현,서울특별시 강남구 삼성로 570 석천빌딩 7층,-,,메지온
1347110002206,,대표이사 이수일,대전광역시 대덕구  신일서로 95,www.hanonsystems.com,,한온시스템
1601110005177,,김현수,"서울특별시 강남구 언주로 874 (신사동, 쌍봉빌딩 7층)",www.pharmicell.com,,파미셀
1512110026289,,오정강,충청북도 제천시 바이오밸리로 107,www.enchem.net,,엔켐
1845110014990,,정지용,경상북도 구미시 산동읍 5공단4로 28 -,toptec.co.kr,,톱텍
1101110327125,,임정배,서울특별시 종로구 창경궁로 120 종로플레이스,www.daesang.co.kr,,대상
1101110301632,,이경일,서울특별시 송파구 올림픽로35길 123 향군타워 9층,www.saltlux.com/,,솔트룩스
1101110522618,,정영교,부산광역시 사상구 장인로 35 (감전동),www.busanind.co.kr,,부산산업
1101110413247,,윤병석,경기도 성남시 분당구 판교로 332 ECO Hub,www.skgas.co.kr/,,SK가스
1101110414758,,김윤덕,경기도 성남시 수정구 금토로 69 4층,www.daou.co.kr,,다우기술
2301110060126,,최양환,울산광역시 울주군 온산읍 당월로 216-18,www.sejinheavy.com,,세진중공업
1201110005703,,"김흥준,조성용 (각자대표이사)",인천광역시 서구  건지로 199 (석남동) 223-52,www.kyungin.co.kr,,경인양행
1101110562804,,송보영,서울특별시 강서구  오정로 443-83,www.flyasiana.com,,아시아나항공
1701110022781,,"이광연, 채승훈",대구광역시 달서구 성서로71길 43,www.th-net.co.kr,,티에이치엔
1301110009498,,"안월환, 김영길(각자 대표이사)",경기도 평택시 포승읍 포승공단로 42 이구산업(주),www.leeku.net,,이구산업
1101110090516,,김범수,경기도 시흥시 공단1대로 101,www.spcsamlip.co.kr,,SPC삼립
1101110079817,,"이우성, 박준영, 이복영","서울특별시 서초구 양재대로 246 2층,3층 한국소비자원",www.sgcenergy.co.kr,,SGC에너지
1101110085450,,"정의선, 무뇨스 바르셀로 호세 안토니오(각자 대표이사)",서울특별시 서초구  헌릉로 12,www.hyundai.com,,현대자동차
1311110350139,,정우진,경기도 성남시 분당구  대왕판교로645번길 16 플레이뮤지엄,www.nhn.com,,NHN
1101110279996,,김한수,서울특별시 강남구  테헤란로104길 21,www.inthef.co.kr,,인디에프
1101110028632,,신종호,"경기도 안산시 단원구  번영2로 31 (성곡동,시화4다706)",www.shinhwatp.co.kr,,SHD
1345110034097,,윤기철,경기도 용인시 처인구  남사면 경기동로 316 리바트,www.hyundailivart.co.kr,,현대리바트
1101110012437,,김대정,서울특별시 중구  동호로 310,www.daehansf.co.kr,,대한화섬
1101113166546,,이재상,서울특별시 용산구 한강대로 42 용산트레이드센터,hybecorp.com,,하이브
1341110001672,,윤경욱,서울특별시 용산구 서빙고로51길 52 4층,www.jayjun.kr,,차AI헬스케어
1346110007844,,"신 히데오, 오창민 (각자대표)",경기도 안성시 미양면 개정산업단지로 71-,www.tck.co.kr,,티씨케이
1301110008052,,"최웅선,최장돈",서울특별시 송파구 백제고분로 450 -,www.infac.com,,인팩
1101112727141,,강민종,경기도 성남시 수정구 창업로 17 판교 아이스퀘어 A동 6층 603호,www.humedix.com,,휴메딕스
1201110517154,,박창호,"인천광역시 서구 봉수대로300번길 15, 300번길 9",sgholdings.co.kr,,SG
1942110088197,,김재학,경상남도 창원시 성산구 공단로473번길 57,higenrnm.com,,하이젠알앤엠
1358110177957,,이동기,경기도 성남시 수정구 고등동 608-3 -,www.olixpharma.com,,올릭스
1615110086227,,김현주,충청남도 천안시 서북구 3공단3로 42,hanamts.com,,하나머티리얼즈
2301110120607,,김병기,충청남도 천안시 동남구 풍세면 풍세산단2로 39 &nbsp,dstp.co.kr,,덕산테코피아
1801110001717,,우인석,부산광역시 사하구  다대로 627 (다대동),www.sce.kr,,성창기업지주
1845110000642,,김상헌 김인환,경상남도 양산시 산막공단북11길 103 -,www.dnautomotive.com,,DN오토모티브
1301110008862,,"김용호, 김휘중(각자대표이사)",경기도 안산시 단원구 별망로459번길 20,www.sjmholdings.co.kr,,에스제이엠홀딩스
1511110031157,,이상율,충청북도 충주시 주덕읍 중원산업로 312,www.chunbochem.com/,,천보
1801111522465,,유재호,부산광역시 중구 중앙대로 102 17층(부산빌딩),www.stxgreenlogis.co.kr/,,STX그린로지스
1101110038061,,조갑주,서울특별시 영등포구 여의나루로 53-1,www.singsongholdings.com,,신송홀딩스
1101110063779,,이동열,서울특별시 용산구 한남대로 98 일신빌딩 4층,www.kleannara.com,,깨끗한나라
1341110002878,,한영재,경기도 안양시 만안구  박달로 351,www.norooholdings.co.kr,,노루홀딩스
1845110001335,,"장홍선, 장선우 (각자대표)",경상남도 양산시  어실로 101,www.kdoc.co.kr,,극동유화
1101111397648,,박상일,"경기도 수원시 영통구 광교로 109, 4층(이의동, 나노소자특화팹센터)",www.parkafm.co.kr,,파크시스템스
2001110001407,,남상규/손일호,광주광역시 광산구 하남산단9번로 90 (안청동),www.bks.co.kr,,부국철강
1101110005078,,이문화,서울특별시 서초구 서초대로74길 14 (서초동),www.samsungfire.com,,삼성화재해상보험
1101110221814,,"정몽진, 정재훈",서울특별시 서초구  사평대로 344 (주)케이씨씨 빌딩,www.kccworld.co.kr,,케이씨씨
1101110035132,,"곽재선, 황기영 (각자대표이사)",경기도 평택시  동삭로 455-12,www.kg-mobility.com,,KG모빌리티
1353110013606,,"허성, 유석진",서울특별시 강서구 마곡동로 110 코오롱 One&Only 타워,www.kolonindustries.com/,,코오롱인더
1311110000205,,"변동준, 김성수(각자 대표이사)",경기도 성남시 중원구  사기막골로 47 (상대원동),www.samyoung.co.kr,,삼영전자공업
1801110000587,,"김태형, 이창훈, 김영훈 (각자대표제)",부산광역시 사하구  을숙도대로 525,www.kcip.co.kr,,한국주철관공업
1101110008200,,유영일,서울특별시 도봉구  도봉로 683  (방학동) 동성빌딩,dongsung-pharm.co.kr,,동성제약
1348110072942,,"나윤성, 장 남 각자대표",경기도 화성시 동탄면 동탄산단6길 37,techwing.co.kr,,테크윙
1201110002189,,최진식,인천광역시 부평구  부평북로 141 (주)SIMPAC,www.simpac.co.kr,,SIMPAC
1760110020145,,이현식,경상북도 구미시 4공단로 321,www.ajusteel.com,,아주스틸
1101110738637,,"배동환, 이원진(각자대표)",강원도 삼척시  동양길 20,www.sampyocement.co.kr,,삼표시멘트
1801110004323,,대표이사 현석호,부산광역시 연제구 중앙대로 1079 장천빌딩 6층,www.hsi.co.kr,,화승인더스트리
2001110054795,,이동훈,광주광역시 서구  무진대로 932 (주)광주신세계,www.gjshinsegae.com,,광주신세계
1101110090037,,허서홍,서울특별시 강남구 논현로 508GS타워(역삼동 679),www.gsretail.com,,GS리테일
1101110075683,,"최문규,전재식(각자 대표이사)",경기도 용인시 처인구  백암면 덕평로 82,www.hanshinc.com,,한신공영
1101110366719,,허우영,서울특별시 영등포구  영등포로 20,www.wooshinsys.co.kr,,우신시스템
1101110600430,,"이종우, 황하섭",경기도 화성시 안녕남로 132 (주)제우스,www.globalzeus.com,,제우스
1201110095499,,허지행,"경기도 수원시 영통구 대학4로 17 제8층 812호, 813호(이의동, 에이스광교타워 1차)",tapex.co.kr,,테이팩스
1101110046204,,"WANG KI YONG JR, 왕인상",서울특별시 마포구 독막로8길 38 동하빌딩 4층,www.dongwonfish.co.kr,,동원수산
1101110377055,,박찬도,서울특별시 종로구 인사동길 12 대일빌딩 8층,www.kssline.com,,KSS해운
1101110038326,,김한영,경기도 하남시 덕풍동로 111-21 (덕풍동),www.kecc.co.kr,,한국종합기술
2101110091498,,김기홍,전라북도 전주시 덕진구  백제대로 566,www.jbfg.com,,JB금융지주
1101110164717,,김창수,서울특별시 강남구 테헤란로113길 15 (삼성동),www.nhchem.co.kr,,남해화학
1101110673966,,이광섭,울산광역시 울주군  온산읍 산암로 42 (주)일진에너지,ijeng.com,,일진파워
1101116332590,,윤석빈,서울특별시 용산구 한강대로72길 3(남영동),www.crown.co.kr,,크라운제과
1101110185276,,유태호,서울특별시 중구  동호로 310 (장충동2가),www.taekwang.co.kr,,태광산업
1101110271596,,김치곤,"서울특별시 서대문구 통일로 107-39 502(충정로2가, 사조빌딩)",www.sajosf.co.kr,,사조씨푸드
1101111848394,,"금한태, 배성 (각자 대표이사)",서울특별시 서초구  법원로3길 20-7,www.telcoware.com,,텔코웨어
1341110131073,,최성원,경기도 안양시 동안구 흥안대로 67,www.dyexpress.co.kr,,동양고속
1101110168595,,최성안,경기도 성남시 분당구 판교로227번길 23 삼성중공업 판교R&D센터,www.samsungshi.com,,삼성중공업
1648110016928,,정현호,충청북도 청원군  오창읍 각리1길 78 (주)메디톡스,www.medytox.com,,메디톡스
1311110597525,,박영수,"경기도 성남시 수정구 금토로 52 F동 (금토동, 솔브레인)",www.soulbrain.co.kr,,솔브레인
1101110042955,,오익근,서울특별시 중구 삼일대로 343 저동1가 대신파이낸스센터,www.daishin.com,,대신증권
1101116394954,,김창구,"경기도 성남시 분당구 성남대로925번길 16, 701호",clobot.co.kr,,클로봇
1801110044717,,문성준,"경상남도 김해시 호계로 428 1층(부원동, 세화빌딩)",www.lsnetworks.co.kr,,LS네트웍스
1101115402237,,"스캇성철박, 조덕제","경기도 성남시 분당구 정자일로 155 정자동, 분당두산타워",www.doosanbobcat.com,,두산밥캣
1101110085583,,이원휘,서울특별시 중구  다동길 46,www.dkis.co.kr,,동국산업
1101111144073,,"김지원, 임동환(각자 대표이사)",서울특별시 강남구  논현로 633,www.mktrend.co.kr,,한세엠케이
1101116314085,,조남민 (단독대표),"서울특별시 광진구 광나루로56길 85 테크노마트21 제12층 제01호, 제02호(구의동)",www.angel-robotics.com/ko/,,엔젤로보틱스
1348110159279,,"황수, 유상석(각자 대표이사)",경기도 화성시  만년로 905-17,-,,일진전기
1355110102249,,박치영,경기도 안성시  공도읍 문터길 72-23,www.ysfc.co.kr,,윤성에프앤씨
1101110005002,,윤진오,서울특별시 강남구 테헤란로 137 코레이트 타워,dbcon.dongbu.co.kr,,동부건설
1101110339542,,"이광식, 이원범(각자 대표이사)","서울특별시 송파구 법원로6길 11 (문정동, 환인빌딩)",www.whanin.co.kr,,환인제약
1101114566406,,김용범,서울특별시 강남구  강남대로 382,www.meritzgroup.com,,메리츠금융지주
1601110067234,,최호일,대전광역시 유성구 유성대로1628번길 37-24,www.peptron.co.kr,,펩트론
1801110025147,,김정렬,울산광역시 울주군  두동면 봉계농공길 8,dicorp.co.kr,,디아이씨
1801110019843,,"최정욱, 정경수",부산광역시 금정구  금샘로 347 동아지질,www.dage.co.kr,,동아지질
1501110093926,,최원,충청북도 청원군 오창읍 각리1길 93-,abov.co.kr,,어보브반도체
1911110000104,,"김준식, 원유현",대구광역시 달성군 논공읍 논공중앙로34길 35 35,www.daedong.co.kr,,대동
1311110081627,,"김준석, 박준규 (각자 대표이사)",경기도 수원시 영통구 광교중앙로248번길 7-8 에이디테크놀로지 빌딩,www.adtek.co.kr,,에이디테크놀로지
1942110000018,,강태식,경상남도 창원시 성산구  공단로 52,www.daelimbnco.com,,대림바스
1101110129274,,최종환,서울특별시 중구 퇴계로 299,www.paradise.co.kr/ko/main,,파라다이스
1101110624688,,성대규,서울특별시 종로구 종로 33 (청진동),www.myangel.co.kr,,동양생명
1101110012560,,김정균,서울 종로구 원남동 보령빌딩 66-21,www.boryung.co.kr,,보령
2849110065613,,윤승현,경기도 파주시  회동길 20,www.wjthinkbig.com,,웅진씽크빅
1101114855924,,김가람,서울특별시 강남구 테헤란로 152 강남파이낸스센터 16층,www.doubleugames.com,,더블유게임즈
1311110046639,,나혁휘,충청북도 청주시 청원구 오창읍 양청3길 60,www.it-m.co.kr,,아이티엠반도체
1101115869346,,"최명배, 장성진 (공동대표)","경기도 성남시 분당구 판교로255번길 28 (삼평동, 디에이치케이솔루션빌딩 7층)",yikcorp.com,,와이씨
1712110005114,,"이태규,이강섭",경상북도 경주시  내남면 포석로 16-9,ms-global.com,,엠에스오토텍
1101111848914,,정철호,서울특별시 금천구 가산디지털1로 131 에이동 4층,holdings.com2us.com/,,컴투스홀딩스
1101110295778,,"김성기,김경태(각자대표)",서울특별시 강남구  테헤란로25길 15-4,www.geumhwa.co.kr,,금화피에스시
1313110083497,,"류진, 박우동",경기도 평택시  포승읍 평택항로156번길 134 (주)풍산,www.poongsan.co.kr,,풍산
1101110981038,,송미선,서울특별시 종로구 인사동5길 41 (주)하나투어,www.hanatour.com,,하나투어
1101110335649,,박종문,서울특별시 서초구 서초대로74길 11 (서초동),www.samsungpop.com,,삼성증권
1101110658637,,심민석,경상북도 포항시 남구 호동로 68,www.poscodx.com/kor/,,포스코DX
1801110004753,,"홍하종, 홍석빈 (각자 대표이사)",전라남도 순천시  서면 산단1길 15,www.dsrcorp.com,,DSR제강
1101110398556,,이준희,서울특별시 송파구 올림픽로35길 125(신천동),www.samsungsds.com,,삼성에스디에스
1701110176489,,"김진영, 이우선",대구광역시 달서구  성서공단남로 151,unionmaterials.com,,유니온머티리얼
1243110000755,,류현석(대표이사),충청남도 아산시 둔포면 아산밸리동로 22,www.ypr.co.kr,,유성기업
1101110186307,,김태균,경상북도 김천시 혁신로 269 (율곡동),www.kepco-enc.com,,한전기술
1101115379692,,곽달원,충청북도 청주시 흥덕구 오송읍 오송생명2로 239 에이치케이이노엔(주) 오송공장,www.inno-n.com,,HK이노엔
1101111571250,,남재관,서울특별시 금천구  가산디지털1로 131,com2us.com/corporation,,컴투스
1701110111352,,이동환,대구광역시 달서구  호산동로 121,www.myjvm.com,,제이브이엠
1942110000399,,"정세영, 송병영",경상남도 창원시 성산구  웅남로 618(성산동),www.gmb.co.kr,,지엠비코리아
1713110003504,,김영범,경상북도 김천시  공단3길 64 (응명동),www.kolonenp.com,,코오롱ENP
1101110031338,,장세욱,서울특별시 중구  을지로5길 19 페럼타워,www.dongkuk.co.kr,,동국홀딩스
1345110000014,,"허일섭, 허용준",경기 용인시 구성읍 동백리 (주)녹십자 303,www.gccorp.com,,녹십자홀딩스
1101110193740,,최원혁,"서울특별시 영등포구 여의대로 108 (여의도동, 파크원 타워1)",www.hmm21.com,,HMM
1101110118996,,"이주성, 조영빈",서울시마포구 양화로 45,www.seahsteel.co.kr/company/holdings/,,세아제강지주
1101111401051,,"이길형, 손면석 각자 대표이사",경기도 성남시 분당구 대왕판교로644번길 49 위메이드타워(삼평동) 4층,www.wemademax.com,,위메이드맥스
2011110000440,,강문수,전라남도 광양시 산업로 55 본관 3층,www.crholdings.co.kr,,시알홀딩스
1101116860640,,"이휘령, 홍만기",서울특별시 마포구 양화로 45,www.seahsteel.co.kr,,세아제강
1101117299294,,소선호,서울특별시 영등포구 국제금융로8길 2 농협재단빌딩 5층,nhallonereit.com/,,NH올원리츠
1101117320320,,이성균,"서울특별시 강남구 삼성로 511, 4층(삼성동, 골든타워)",www.koramcoenergyplus.co.kr,,코람코라이프인프라리츠
1101111109134,,윤상현,서울특별시 서초구  과천대로 870-13,www.cjmall.com,,CJ ENM
1101110030710,,"이훈범, 오기호",서울특별시 강남구  논현로 430 아세아타워빌딩 14층,asiaholdings.co.kr,,아세아
1101112743866,,김철웅,"서울특별시 송파구 올림픽로35다길 42 한국루터회관 9,10,15층",www.echomarketing.co.kr,,에코마케팅
1101111636004,,"윤성준, 윤경원(각자대표)",경기도 성남시 중원구  사기막골로 137 중앙인더스피아 5차 701~704호,www.intron.co.kr/,,인트론바이오
1101113326588,,최진환,"경기도 안양시 동안구 전파로 88, 8층",www.lotterental.com/,,롯데렌탈
1345110059821,,류재학 대표이사,경기도 성남시 분당구 대왕판교로 700 (삼평동) 6층,www.labgenomics.co.kr,,랩지노믹스
1801110003268,,이경백,부산광역시 사하구 하신번영로 69,www.idaehan.com,,대한제강
1101116168614,,염동현,경기도 안양시 동안구 시민대로327번길 12-26 주식회사 네오셈,www.neosem.com,,네오셈
1543110022729,,송금수,충청북도 진천군 이월면 고등1길 27,www.pimaterials.com,,PI첨단소재
1101110036502,,김정일,경기도 과천시 코오롱로 11 코오롱타워,www.kolonglobal.com,,코오롱글로벌
1101110042484,,서태영,서울특별시 영등포구  국제금융로2길 36 유화증권빌딩,www.yhs.co.kr,,유화증권
1112710005962,,정용기,경기도 성남시 분당구 분당로 368,www.kdhc.co.kr,,지역난방공사
1942110000943,,"박지원, 정연인, 박상현",경상남도 창원시 성산구  두산볼보로 22 두산중공업 주식회사,https://www.doosanenerbility.com/kr,,두산에너빌리티
1350110042924,,신일운,경기도 안산시 단원구 강촌로 149 스마트센터,www.interflex.co.kr,,인터플렉스
1801110034320,,"전장열, 전재범 (각자 대표이사)",부산광역시 사하구  다산로 110,www.kumkangkind.com,,금강공업
1701110387416,,대표이사 김영훈 대표이사 박문희,대구광역시 중구 명덕로 85 (남산동),www.daesungenergy.com,,대성에너지
1615110001572,,이원찬,충청남도 천안시 동남구 용수골길 23 현대사료(주),www.hdfeed.co.kr,,현대사료
1341110003462,,고기영,경기도 안산시 단원구  강촌로 140 삼화왕관(주),www.samhwa.co.kr,,삼화왕관
1301110007616,,"임일지,임중규(각자대표)",경기 시흥시 정왕동 1236-10,www.daejoo.co.kr,,대주전자재료
1101110003692,,이수근,서울특별시 강서구  양천로 13 (방화동) 한국공항(주),www.kas.co.kr,,한국공항
1101110029721,,"고준, 채형석 (각자 대표이사)",서울특별시 마포구 양화로 188 -,www.aekyunggroup.co.kr,,AK홀딩스
1346110087565,,"양호근, 최동규 (각자 대표이사)",경기도 안성시 미양면 제2공단3길 12 -,www.kctech.co.kr,,케이씨텍
1101110032568,,정성택 대표이사,경기도 화성시 향남읍 제약공단4길 10 -,www.sspharm.co.kr,,삼성제약
1101113500249,,김승철,서울특별시 서초구 남부순환로 2557 토니모리 빌딩,www.tonymoly.com,,토니모리
1101110152134,,"최성원, 박상영(각자대표)",경기도 과천시 과천대로7다길 52 광동 과천 타워,www.ekdp.com,,광동제약
1101112611906,,김우찬,서울특별시 중구  퇴계로 173 19층,tkg.huchems.com,,티케이지휴켐스
1101110034233,,박종호,경기도 성남시 분당구 판교로 286 -,http://www.hankook-technologygroup.com,,한국앤컴퍼니
2111110001529,,김은석(단독대표),강원도 횡성군  횡성읍 한우로 495,www.dhpharm.co.kr,,대화제약
1101110003155,,장병호,서울특별시 영등포구  여의대로 56 한화증권빌딩 한화투자증권 주식회사,www.koreastock.co.kr,,한화투자증권
1101110112328,,"주진우, 김치곤(각자대표)",서울특별시 서대문구  통일로 107-39 사조산업빌딩 5층,www.sajo.co.kr,,사조산업
1101110271497,,송한규,"서울특별시 강서구 공항대로 396 7,8층",www.sc-eng.com,,에쓰씨엔지니어링
1146710006125,,최연혜,대구광역시 동구 첨단로 120-,www.kogas.or.kr,,한국가스공사
1101110234776,,백종탁,경기도 용인시 기흥구 용구대로2469번길 10 죽전 일성트루엘 B105호,www.ilsungconst.co.kr,,일성건설
1601110058887,,이정훈,"서울특별시 강남구 테헤란로 528 12층(대치동, 슈페리어타워)",www.wooricapital.co.kr,,우리기술투자
1701110001131,,"이종원,임기영",대구광역시 수성구  동대구로 111,www.hwasung.com,,HS화성
1101118466280,,한상준,"서울특별시 중구 서소문로 50 6층(중림동, 센트럴플레이스)",www.unidbtplus.co.kr,,유니드비티플러스
1801110828129,,TANIYAMA KEN,부산광역시 금정구 공단동로55번길 28,www.drbworld.com,,동일고무벨트
1101112785355,,정현규,"경기도 성남시 중원구 사기막골로45번길 14, 18층 제에이-1801,1802호(상대원동, 성남 우림라이온스밸리2차",bioplus.co.kr,,바이오플러스
1101111516397,,양민석 (단독대표이사),서울특별시 마포구 희우정로1길 7 -,www.ygfamily.com,,와이지엔터테인먼트
1601110395354,,박태교,대전광역시 대덕구 신일동로 101,intocell.com,,인투셀
1101110346745,,"윤새봄, 이수영 각자대표",서울특별시 중구 청계천로 24 케이스퀘어 시티,www.woongjin.com,,웅진
1101115238096,,"임경태, 김웅종",서울 강남구 역삼2동 726 아세아타워빌딩 14층,www.asiacement.co.kr,,아세아시멘트
1341110411706,,이상호,"강원특별자치도 동해시 대동로 215 (송정동, 1686)",www.lsecoenergy.com,,LS에코에너지
1101110279433,,"정몽규, 김회언 (각자 대표이사)",서울특별시 종로구 경희궁1가길 9 -,www.hdc-holdings.com,,HDC
1801110000339,,류영식,부산광역시 금정구 공단동로55번길 28,www.drbworld.com,,DRB동일
1311110057925,,정수홍,대구광역시 달서구  호산동로 42,www.snstech.co.kr,,에스앤에스텍
1101118570891,,김영훈,"서울특별시 영등포구 63로 50 63한화생명빌딩 11층, 12층",www.hanwhagalleria.co.kr,,한화갤러리아
1601110003931,,김홍국,전라북도 익산시 중앙로 121 -,www.harimholdings.co.kr,,하림지주
1101110371148,,김홍연,전라남도 나주시 문화로 211 -,www.kps.co.kr,,한전KPS
1101110200579,,이우선,서울특별시 중구  소공로 94 OCI빌딩 13층,www.unioncement.com,,유니온
1341110010839,,한승욱,경기도 시흥시 협력로 165,dsdansuk.com,,DS단석
1101118626793,,김유신,서울특별시 중구 소공로 94 OCI빌딩,www.oci.co.kr,,OCI
1101110005052,,송하경,"경기도 용인시 수지구  손곡로 17 (동천동, 모나미빌딩)",www.monami.com,,모나미
1760110020640,,손재일,경상북도 구미시 산호대로 264-60 -,hanwhasystems.com,,한화시스템
1801110348945,,정승규,경상남도 창원시 성산구 창원대로1144번길 40 (주)이엠텍,www.em-tech.co.kr,,이엠텍
1501110001036,,이연석,"충청북도 청주시 흥덕구 공단로126번길 97 (송정동, 공단2브럭)",www.chokwang.co.kr,,조광피혁
1348110002080,,"김해련, 박충기, 김민정 (각자 대표이사)",서울특별시 강서구 공항대로 467 4층(등촌동),www.taekyung.co.kr,,태경산업
1101118376893,,이명규,서울특별시 서초구 서초대로74길 4,www.samsungfnreit.com/,,삼성FN리츠
1101117736808,,박상신,"서울특별시 강서구 공항대로 165 에이동(마곡동, 원그로브)",www.dlenc.co.kr,,DL이앤씨
1760110022654,,허제홍,대구광역시 달서구 이곡동로 11,www.landf.co.kr/,,엘앤에프
1348110400341,,Yoo Ho Sun,경기도 화성시  동탄면 동탄산단8길 15-5 &nbsp,www.apsystems.co.kr,,AP시스템
1412110077086,,서은택,"서울특별시 성동구 성수일로4길 25, 서울숲코오롱디지털타워1차 1005호",asterasys.com,,아스테라시스
1101110839071,,이재준,"서울특별시 송파구 위례순환로 480 케이알산업빌딩 3, 4층(장지동)",www.curexo.com,,큐렉소
1648110001961,,김태영,충청남도 아산시 실옥로 174,www.kbpharma.co.kr,,경보제약
1101118651633,,최삼영,서울특별시 중구 을지로5길 19,www.dongkuksteel.com,,동국제강
1311110466283,,김건수,대전광역시 유성구 국제과학16로 11,curocellbtx.com,,큐로셀
1101110028848,,박주형,서울특별시 중구  소공로 63 (충무로1가) 신세계백화점건물 (주)신세계,www.shinsegae.com,,신세계
1101112141672,,임경섭,울산광역시 남구  장생포로 93,www.chinyang.co.kr,,진양화학
1101110005995,,김 대 환,서울특별시 영등포구 디지털로38길 27 (주)비와이씨,home.byc.co.kr,,BYC
1101110707674,,박두진,서울특별시 강남구  영동대로 315 대경빌딩,www.isamt.com,,에스에이엠티
1101115260669,,김영주,서울 서대문구 충정로3가 3가 368 종근당빌딩,www.ckdpharm.com,,종근당
1801110001220,,주종대,부산광역시 수영구 구락로 150,www.kiswire.com,,고려제강
1311110047356,,"김종현, 안수홍",경기도 용인시 기흥구  기곡로 27 (주)유니테스트,www.uni-test.com,,유니테스트
1101110028591,,장인섭,서울특별시 강남구 영동대로 714,www.hitejinro.com,,하이트진로
1101110208383,,"배기문, 남병옥","서울특별시 강남구 학동로 231 6,7,8,9,10층",www.isdongseo.co.kr,,아이에스동서
1101113487546,,김동철,서울특별시 서초구 반포대로 22 서초 평화빌딩 12층,www.dwanatech.com,,동운아나텍
1101110095285,,"김정남, 정종표",서울특별시 강남구  테헤란로 432,www.idbins.com,,DB손해보험
1101114570720,,이동훈,경기도 성남시 분당구 판교역로 221,www.skbp.com,,에스케이바이오팜
1345110052677,,허남,경기도 성남시 수정구 금토로 52 에프동 8층,genic21.com,,제닉
1101110376148,,최재호,경기도 부천시 오정구  석천로 457,www.eugenes.co.kr,,유진기업
1701110233338,,"김영대, 육영수",대구광역시 달성군  논공읍 논공중앙로 211,www.daeho-al.com,,대호에이엘
1341110036348,,황규호,경기도 화성시  삼성1로2길 13(석우동),www.vatech.co.kr,,바텍
1311110051935,,서종현,"서울특별시 강남구 테헤란로 422 11층 (대치동,KT선릉타워East)",www.daemyoung-eng.com,,대명에너지
1812110000906,,정승진,경기도 성남시 분당구 수내로46번길 4 경동빌딩 -,www.kdinvest.co.kr,,경동인베스트
1348110319279,,이예하,서울특별시 서초구 강남대로 479 9층,www.vuno.co,,뷰노
1101110015861,,강병주,"부산광역시 동구 초량중로 114 105동 비102호, 비104호(초량동, 범양레우스 센트럴베이)",www.iby.co.kr,,범양건영
1341110003058,,"유병선, 최세환(각자대표)",충청남도 아산시 도고면 도고면로 48-15 (주)지코,www.smbexel.com,,에스엠벡셀
1101110032899,,"김희용, 김도훈",서울특별시 용산구 장문로 52 동빙고동,tym.world,,TYM
1101111786057,,임욱빈,서울특별시 성동구 아차산로5길 24-4,www.biodyne.asia/,,바이오다인
1311110523736,,안재용,경기도 성남시 분당구 판교로 310,www.skbioscience.com,,SK바이오사이언스
1101110003668,,노삼석,서울특별시 중구 남대문로 63 한진빌딩,www.hanjin.com,,한진
1348110324294,,조병기,경기도 화성시 삼성1로4길 22,www.bionote.co.kr,,바이오노트
1601110109896,,신재호,대전광역시 대덕구  대화로132번길 142 디엔에프,www.dnfsolution.com,,디엔에프
1350110049607,,박선순,경기도 안산시 단원구 시화호수로 485(성곡동) (주) 다원시스,www.dawonsys.com,,다원시스
1344110044981,,박태훈,경기도 화성시 동탄산단9길 23-12,nextinsol.com,,넥스틴
1355110249041,,윤원수,경기도 시흥시 마유로 96 -,www.tnrbiofab.com,,티앤알바이오팹
1101118651659,,박상훈,서울특별시 중구 을지로5길 19,www.dongkukcm.com,,동국씨엠
1601110405070,,윤태영,"서울특별시 구로구 디지털로33길 11 구로동, 에이스테크노타워8차 13층 1301호",/www.proteina.co.kr,,프로티나
1101110134877,,조완석,전라남도 나주시 시청길 4,www.kumhoenc.com,,금호건설
1101110924765,,남민우,경기도 성남시 분당구 대왕판교로644번길 49 DTC타워 11층,www.dasannetworks.com,,다산네트웍스
1801110036425,,안 재 일,부산광역시 강서구  녹산산단262로 26,www.skbend.com,,성광벤드
1942110000472,,김진호,인천광역시 남동구  남동서로362번길 36 (남촌동),www.dy.co.kr,,디와이
1101110032154,,남태훈,경기도 성남시 분당구  야탑로 96-8,www.kukjepharm.co.kr,,국제약품
2341110120538,,김형진,경상남도 양산시 충렬로 61,www.hsrna.com,,화승알앤에이
1614110012349,,양준화,충남 서산시 대산읍 독곳리 411-13,www.korgc.com,,그린케미칼
1760110020723,,배종식,경상북도 구미시  4공단로7길 53-77,www.worldexint.com,,월덱스
1101110582547,,"김윤상, 이종근(공동 대표이사)","경기도 화성시 영통로26번길 72 (반월동,외2필지)",www.hanyangkorea.com,,한양이엔지
1943110006262,,"이근흥, 조원래 (각자 대표이사)",경상남도 함안군  군북면 장백로 122,www.bhi.co.kr,,비에이치아이
1601110014483,,"김재식, 황문규",서울특별시 영등포구 국제금융로 56 미래에셋대우빌딩,life.miraeasset.com,,미래에셋생명
1243110004252,,양주환,충청북도 청주시 흥덕구 오송읍 오송생명로 61 -,www.suheung.com,,서흥
1301110005727,,"최창원, 손현호",경기도 성남시 분당구 판교로 332 -,www.skdiscovery.com,,SK디스커버리
1345110001814,,"이재상, 백승한 각자대표",경기도 화성시 동부대로970번길 110,www.woojininc.com,,우진
1717110132339,,김병훈,경상북도 포항시 북구 흥해읍 영일만산단남로75번길 15,ecopromaterials.com/,,에코프로머티
1348110326191,,김현태,인천광역시 연수구 송도과학로 32 에스동 18층,voronoi.io,,보로노이
1942110000480,,"김동관, 손재일",경상남도 창원시 성산구  창원대로 1204,www.hanwhaaerospace.com,,한화에어로스페이스
1345110084018,,이상철,경기도 성남시 분당구 판교역로 221 (삼평동 672) 투썬월드빌딩 12층,www.raymedical.co.kr/,,레이
1101110003965,,명노현,서울특별시 용산구 한강대로 92 LS용산타워 -,www.lsholdings.co.kr,,LS
2850110209804,,"김욱, 강종익","서울특별시 마포구 매봉산로 75 1801호, 1901호(상암동,디디엠씨)",www.dexterstudios.com,,덱스터
1101117701356,,김동명,"서울특별시 영등포구 여의대로 108, 타워 1",www.lgensol.com,,LG에너지솔루션
1301110026814,,이만규,충청북도 진천군  백곡면 배티로 818-105,www.ananti.kr,,아난티
1346110062393,,최용하,경기도 안성시 모산로 8,www.komico.com,,코미코
1101112078073,,곽영수,경기도 성남시 분당구 서현로 190-,www.innowireless.co.kr,,이노와이어리스
1801110000537,,유재순,부산광역시 영도구 해양로 241 미창석유,www.michang.co.kr,,미창석유공업
1942110066763,,이상수,경상남도 창원시 성산구  공단로474번길 36,www.stxengine.co.kr,,STX엔진
1101117875359,,"구본준, 노진서",서울특별시 종로구 새문안로 58 LG광화문빌딩,www.lxholdings.co.kr,,LX홀딩스
1801110396069,,권형순,부산광역시 기장군  철마면 여락송정로 363,www.sntdaewoo.com,,SNT모티브
1351110051329,,"엄평용, 신승우 (각자 대표이사)",경기도 용인시 처인구  양지면 추계로 42 유진테크,www.eugenetech.co.kr,,유진테크
1358110290105,,이종민,경기도 수원시 영통구 대학4로 25 -,www.asicland.com,,에이직랜드
1942110234534,,박치웅,경상남도 창원시 성산구 웅남로 812 (성주동),power.dy.co.kr,,디와이파워
1801110550194,,김재경,"서울특별시 중구 청계천로 106 3층(수표동, 크리스탈스퀘어)",www.sillajen.com,,신라젠
1101111144297,,송구영,"서울특별시 마포구 월드컵북로56길 19 6층(상암동, 드림타워)",www.lghellovision.net,,LG헬로비전
1101115633585,,안성현,경기도 성남시 중원구 둔촌대로541번길 29 상대원동 3층,www.drtech.com,,디알텍
1101110192180,,문혁수,서울특별시 강서구 마곡중앙10로 30 LG사이언스파크,www.lginnotek.co.kr,,LG이노텍
1101111118656,,노갑선,"서울특별시 마포구 월드컵북로56길 9 4층(상암동, 우리기술빌딩)",www.wooritg.com,,우리기술
1311110501021,,"김철, 안재현",경기도 성남시 분당구 판교로 310,www.skchemicals.com,,SK케미칼
1942110000125,,권오성,경상남도 창원시 성산구  정동로 153,www.hyundai-wia.com,,현대위아
1101110210859,,"문덕식,강운식 (각자 대표이사)",서울특별시 강남구 삼성로96길 23 7층,www.dbinc.co.kr,,DB
1615110176036,,"이수훈,이범성(공동대표이사)",충청남도 천안시 서북구 입장면 쑥골길 21-32,www.dsneolux.co.kr,,덕산네오룩스
1101110145519,,이부진,서울특별시 중구 동호로 249 (주) 호텔신라,www.hotelshilla.net,,호텔신라
1101110825624,,김경록,서울특별시 동작구 보라매로5길 15 전문건설회관빌딩,www.hansolhomedeco.co.kr,,한솔홈데코
1101110165830,,성래은,서울특별시 중구 만리재로 159 (주)영원무역,-,,영원무역홀딩스
1101112207995,,신학철,서울특별시 영등포구  여의대로 128,www.lgchem.com,,LG화학
2841110112915,,박종훈,서울특별시 성동구 아차산로 78 (성수동2가),www.neuromeka.com,,뉴로메카
1601110099451,,안기홍,경기도 성남시 분당구  정자일로 248 2201,-,,HLB테라퓨틱스
1101115731032,,김동진,대구광역시 동구 팔공로47길 37 -,www.cisro.co.kr,,씨아이에스
1101115340065,,김동민,충청북도 청주시 청원구 오창읍 양청송대길 10 청주미래누리터(지식산업센터) 204호,jlkgroup.com,,제이엘케이
1101112507551,,최준호,"인천광역시 연수구 하모니로177번길 49 업무동 10층(송도동, 형지글로벌 패션복합센터)",www.hyungji-elite.com,,형지엘리트
1101110003212,,한우삼. 한하워드성(각자 대표이사),경기도 안산시 단원구  해봉로 212 (성곡동),www.taeyangmetal.com,,태양금속공업
1545110006076,,최호연,충청북도 음성군  대소면 대금로 157,www.iljindisplay.co.kr,,일진디스플
1347110000333,,전성오,경기도 평택시 고덕면 해창리 250,www.sjpulp.com,,삼정펄프
1101110047864,,이용익,서울특별시 중구 청파로 450  (중림동) 신흥빌딩 8층 재경팀,www.shinhung.co.kr,,신흥
1101110015762,,"오세철, 정해린, 이재언",서울특별시 강동구 상일로6길 26 -,www.samsungcnt.com,,삼성물산
1101110509872,,"강승곤,정철",경기도 파주시  산업단지길 139 (주)G.M.P,www.vtgmpcorp.co.kr,,브이티
1101112149436,,최영범,"서울특별시 마포구 매봉산로 758층, 9층",www.ktskylife.co.kr,,케이티스카이라이프
1101110003098,,"김세훈, 박상진, 장인성",서울특별시 서초구 마방로 68 (양재동),www.dongwon.com,,동원산업
1101110002959,,"김동관, 류두형, 김우석",서울특별시 중구  청계천로 86 24층,www.hanwhacorp.co.kr,,한화
1101110086771,,남기영,서울특별시 강남구 테헤란로86길 14 (대치동),www.twms.co.kr,,태원물산
1501110198453,,유원양,"충청북도 보은군 삼승면 남부로 3750-148(우진리,티이엠씨)",temc.co.kr/,,티이엠씨
1101117016870,,도익한,서울시 종로구 율곡로 194 현대그룹빌딩,www.hyundaimovex.com/,,현대무벡스
1101110878706,,"이병철, 황준호 (각자 대표이사)",서울특별시 영등포구 여의나루로 60 여의도포스트타워,www.daolsecurities.com,,다올투자증권
1101114767153,,최원영,서울특별시 구로구 디지털로32길 30 코오롱디지털타워빌란트. 1301-1308호,www.dncmedia.co.kr,,디앤씨미디어
1701110005042,,"조현기, 정순원, 김제욱(각자대표)",대구광역시 달성군  논공읍 논공중앙로 288,www.namsun.co.kr,,남선알미늄
1101110205975,,백종훈,"서울특별시 중구 청계천로 100 (수표동, 시그니쳐타워)",www.kkpc.com,,금호석유화학
1101110124802,,정유석,경기도 용인시 기흥구  하갈로 110,www.ilyang.co.kr,,일양약품
1101111216757,,앤드류김,"경기도 성남시 분당구  황새울로 314 (서현동,유니퀘스트빌딩)",www.uniquest.co.kr,,유니퀘스트
1101111827570,,차재병,경상남도 사천시  사남면 공단1로 78 한국항공우주산업,www.koreaaero.com,,한국항공우주
2301110052355,,김강식,울산광역시 울주군 온산읍 연자로 51,hantechltd.com,,한텍
1801110045559,,"윤원식, 윤준식",부산광역시 강서구  녹산산업대로 117-12,www.tkbend.co.kr,,태광
1101112310946,,정용지,서울특별시 강남구 역삼로98길 23 (대치동),caregen.co.kr,,케어젠
1101117478088,,김존,서울특별시 강남구 테헤란로26길 12 제일비젼타워 11층,onconic.co.kr,,온코닉테라퓨틱스
1601110451528,,이희용,충청북도 청주시 흥덕구 오송읍 의료단지길 21,,,지투지바이오
1346110012687,,이석화,경기도 용인시 기흥구 흥덕중앙로 120 유타워 6층 (영덕동),www.dms21.co.kr,,DMS
1701110309329,,"황순용, 김주영",대구광역시 달성군 논공읍 논공로 597,www.ph.co.kr,,평화산업
1101110175467,,홍경모,서울특별시 서초구 방배로 166 한승빌딩 3층,www.woojini.com,,우진아이엔에스
1101111960924,,"차근식, 남학현(각자 대표이사)",서울특별시 서초구 반포대로28길 43 아이센스 빌딩,www.i-sens.com,,아이센스
1601110293889,,이정호,대전광역시 유성구 엑스포로339번길 10-19,www.rainbow-robotics.com/new/index_ko.php,,레인보우로보틱스
1101110018089,,"박봉권, 이석기 (각자대표)",서울특별시 영등포구 의사당대로 97 교보증권빌딩,www.iprovest.com,,교보증권
1101110792667,,윤근창,"서울특별시 성북구 보문로 35 9층, 10층",www.mistoholdings.com,,미스토홀딩스
1101112644725,,"정지선, 정지영 (각자대표)",서울특별시 강남구 테헤란로98길 12 -,home.e-hyundai.com,,현대백화점
1101117061081,,롯데에이엠씨 주식회사,서울특별시 송파구 올림픽로 300 롯데월드타워 30층,www.lottereit.co.kr/,,롯데리츠
1101112672586,,맥쿼리자산운용(주),"서울특별시 종로구 우정국로 26 A동 18층(공평동, 센트로폴리스)",www.macquarie.com/kr/kr/mkif/index.html,,맥쿼리인프라
1601110002313,,박진우,대전광역시 대덕구  대화로119번길 31,www.aluko.co.kr,,알루코
1101110006274,,"유승환, 이현탁",서울특별시 강남구  논현로 430,www.asiapaper.co.kr,,아세아제지
1201110038423,,곽동신,인천광역시 서구 가좌로30번길 14,www.hanmisemi.com,,한미반도체
1101110007909,,이한우,서울특별시 종로구  율곡로 75,www.hdec.kr,,현대건설
1741110000527,,박세종,대구광역시 달성군 논공읍 논공중앙로33길 10,www.sangsin.com,,상신브레이크
1812110000386,,"정기선, 김성준 (각자 대표이사)","경기도 성남시 분당구 분당수서로 477 정자동, HD현대그룹 글로벌 R&D센터",www.ksoe.co.kr,,HD한국조선해양
1345110172532,,"원성용, 김재왕",경기도 용인시 기흥구 이현로30번길 107 -,www.gclabcell.com,,지씨셀
1101115995993,,반성연,"서울특별시 마포구 마포대로 78 (도화동, 자람빌딩), 12층",dalbaglobal.com,,달바글로벌
1341110067418,,성도경,전라북도 전주시 덕진구 운암로 15,www.vina.co.kr,,비나텍
1314110255979,,백성현,경기도 안산시 단원구 신원로 305,www.tlbpcb.com,,티엘비
1101113224849,,강진모,"경기도 과천시 과천대로12길 117 제E동(갈현동, 과천펜타원)",www.itcen.co.kr,,아이티센글로벌
1101110004690,,허인철,서울특별시 용산구  백범로90다길 13 (주)오리온,www.oriongroup.co.kr,,오리온홀딩스
1101115480233,,오태석,"서울특별시 중구 퇴계로 131 9층(충무로2가, 신일빌딩)",global-taxfree.com,,글로벌텍스프리
1101116033833,,조성완,서울특별시 강남구 도산대로 128 국민연금강남회관 9층,www.wswgstudios.com,,위지윅스튜디오
1101113471036,,"서경배, 김승환",서울특별시 용산구 한강대로 100 (한강로2가),www.apgroup.com,,아모레퍼시픽
1243110031213,,"이준호, 여영길(각자 대표이사)","인천광역시 남동구  청능대로289번길 45 (고잔동, 남동공단 67B12L)",www.spg.co.kr,,에스피지
1101111061954,,김호선,"서울특별시 서초구 방배로 162 서울시 서초구 방배로 162, 4층(예광빌딩)",www.gamsungcorp.co.kr,,감성코퍼레이션
2301110274751,,"송재호, 나윤호",울산광역시 북구 염포로 260-10(진장동) 주식회사 경동도시가스,www.kdgas.co.kr,,경동도시가스
1341110013552,,김근하,경기도 안양시 만안구  안양천서로 51,WWW.INTOPS.CO.KR,,인탑스
1201110018300,,"공동대표이사 : 유성준, 박준구",서울특별시 구로구 디지털로27가길 27아남빌딩,www.aname.co.kr,,아남전자
1101114294122,,"백영옥,허태영(공동대표이사)","서울특별시 강남구 도산대로 509 13층,15층",www.eubiologics.com,,유바이오로직스
1358110154111,,김지호,경기도 오산시 가장로 531-7(가장동),www.wisol.co.kr,,와이솔
1942110090598,,김형섭,경상남도 창원시 성산구  완암로 12,www.hisnt.com,,SNT에너지
1101114694679,,김재진,경기도 성남시 분당구 돌마로 172 분당서울대학교병원 헬스케어혁신파크 H2202호,www.eoflow.com,,이오플로우
1101115535038,,조승진,서울특별시 강서구 양천로 570 17~19 층,www.mrbluecorp.com/,,미스터블루
1101110003204,,"권혁웅, 이경근",서울특별시 영등포구 63로 50,www.hanwhalife.com,,한화생명
1101116557114,,김경엽,서울특별시 금천구 가산디지털2로 179 롯데센터,www.lotteinnovate.com,,롯데이노베이트
1741110000618,,안재호,울산광역시 울주군 온산읍 원산로 40 한국제지 온산공장,www.hankukpaper.com,,한국제지
1301110005199,,이호정,경기도 수원시 장안구 경수대로976번길 19 -,www.sknetworks.co.kr,,SK네트웍스
1101112154667,,김영균,서울특별시 강남구 강남대로 162길 41-4(신사동),company.aromatica.co,,아로마티카
1341110000096,,"이봉근, 김성진 (각자대표이사)",경기도 수원시 영통구  신원로 25,www.duksung21.com,,덕성
1601110312126,,손미진,대전광역시 유성구 테크노2로 206 사무동2층 수젠텍,www.sugentech.com,,수젠텍
1101110753734,,도은성,"서울특별시 금천구 범안로 1130 8층(가산동, 가산디지털엠파이어)",orbitech.co.kr,,오르비텍
1101114465004,,"이명식, 조현만(각자대표이사)",서울특별시 영등포구 국제금융로 70 미원빌딩 19층 1901호,www.ktopreits.co.kr,,케이탑리츠
1101113520627,,양준영,서울특별시 마포구  마포대로 137 KPX빌딩 19층,www.kpxholdings.com,,KPX홀딩스
1101110514029,,강호준,서울특별시 관악구 보라매로 3길 23 (보라매동 729-21) 대교타워,www.daekyo.co.kr,,대교
1101110005929,,"이찬의, 유재권","서울특별시 영등포구  국제금융로6길 42 (여의도동, 삼천리빌딩)",www.samchully.co.kr,,삼천리
1101113748253,,"손경식,강신호(각자 대표이사)",서울특별시 중구  동호로 330,www.cj.co.kr,,CJ제일제당
1101111128340,,"장철혁, 탁영준",서울특별시 성동구 왕십리로 83-21 아크로 서울포레스트 디타워,smentertainment.com,,에스엠
1101110026644,,"서경배, 이상목",서울특별시 용산구 한강대로 100 (한강로2가),www.apgroup.com,,아모레퍼시픽홀딩스
1615110049069,,오흥식,경기도 오산시 지곶중앙로 1-20 -,www.lotvacuum.com,,엘오티베큠
1701110290867,,"박동진, 민혜정",대구광역시 달서구  두류공원로 200,www.eworld.kr,,이월드
1346110009460,,"서인수, 이우석 (각자대표)",경기도 안성시 공도읍 봉기길 21 -,www.stinc.co.kr,,에스티아이
1311110435767,,윤호영,"경기도 성남시 분당구 분당내곡로 131 (백현동, 판교테크원)",,,카카오뱅크
1101110003709,,윤해구,전라북도 군산시  임해로 494-16,www.pkc.kr,,PKC
1243110030413,,이창재,충청남도 천안시 서북구 백석공단7로 65 (백석동),www.mirae.co.kr,,미래산업
1801110633031,,"이만우, 백진우 (각자 대표이사)",부산광역시 사하구  신산로 99,idongsung.com,,동성케미컬
1201110002022,,고기영,경기도 이천시 부발읍 중부대로1707번길 13,www.e-kumbi.co.kr,,금비
1101116388957,,문병일,서울특별시 강남구 영동대로85길 20-7,,,
1101115855973,,정종민,경기도 성남시 수정구 금토로80번길 40 C동,www.hfrnet.com,,에치에프알
1746110006492,,대표이사 사장 천시열,경상북도 포항시 남구  철강로 173 포스코강판주식회사,www.poscocnc.com,,포스코스틸리온
1801110000777,,홍석빈,부산광역시 강서구 녹산산업중로192번길 7,www.dsr.com,,DSR
1101110036396,,"김재섭, 김정출","서울특별시 송파구 백제고분로 480 4층 (방이동, 풍문빌딩)",www.aprogen-pharm.com,,에이프로젠바이오로직스
1345110028404,,최윤소,경기도 용인시 수지구 신수로 767 에이동 2401호,www.tnl.co.kr/,,티앤엘
1101110137491,,이창환,서울특별시 동작구 동작대로 35 -,www.hcr4u.com,,NI스틸
1101116525723,,김진동,세종특별자치시  전의면 산단길 22-144 -,www.lake-led.com,,레이크머티리얼즈
1101110742406,,곽재오,"경기도 평택시 진위면 하북2길 174 (진위면, 주식회사엠아이텍)",www.mitech.co.kr,,엠아이텍
1101112112764,,유영호,충청북도 청주시 청원구 오창읍 2산단로 82셀트리온제약,www.celltrionph.com,,셀트리온제약
1101110345630,,"배상돈,박광호",서울특별시 송파구 오금로 311 오금동,www.fursys.co.kr,,퍼시스
1101112137895,,김보현,서울특별시 중구 을지로 170 (을지로4가),daewooenc.com,,대우건설
1348110493354,,이경일,경기도 화성시 삼성1로4길 48,www.pskinc.com,,피에스케이
2301110172244,,"김정만, 김태호 (각자대표)",울산광역시 남구  장생포로 247,www.miwonchemicals.com,,미원화학
1101115851559,,"정몽혁, 김원갑, 권철호",서울특별시 종로구 율곡로2길 25,www.hyundaicorpholdings.com,,현대코퍼레이션홀딩스
1341110002307,,"유원상, 박노용(각자대표)",충청북도 제천시  바이오밸리1로 94,www.yuyu.co.kr,,유유제약
1341110618279,,이재규,경기도 안양시 만안구 전파로24번길 93(안양동),www.finemtec.com,,파인엠텍
1101110014433,,"배맹달,김현정(각자대표)",경기도 안산시 단원구  별망로 178,www.samhwa.com,,삼화페인트공업
1352110033862,,하동길,경기도 용인시 기흥구 흥덕1로 13 제타워동 35층 제에이3504호,www.actro.co.kr,,액트로
1348110018641,,"허민호, 이병주","경기도 성남시 분당구 판교로 255 에프-801(삼평동,판교이노밸리)",www.cosmax.com,,코스맥스비티아이
1101110030116,,장재진,경기 성남시 중원구 상대원동 143-1,www.orientbio.co.kr/,,오리엔트바이오
1101111655393,,배병주,경기도 안산시 상록구  수인로 700,robostar.co.kr,,로보스타
1345110065662,,차원태,서울특별시 강남구 도산대로 442 청담동 피엔폴루스 3층,www.chabio.com,,차바이오텍
1346110015095,,권상훈,경기도 안성시  죽산면 용대길 38-9,www.neotis.co.kr,,네오티스
1101110700555,,"박재규, 김혜동 (각자 대표이사)",경기도 수원시 권선구 산업로155번길 293(고색동),www.sunic.co.kr,,선익시스템
1243110041444,,박명순,경기도 부천시 오정구  산업로 62,www.koses.co.kr,,코세스
1301110008664,,이지선,"경기도 과천시 과천대로7길 20 A타워 14층,15층",www.shinsungeng.com,,신성이엔지
1243110006042,,"김승제,김동현(각자대표)",서울특별시 양천구 오목로 325 대학빌딩 5층,www.e-starco.co.kr,,이스타코
2201110087049,,박재욱,제주특별자치도 제주시 공항서로 141 (도두이동),www.socarcorp.kr,,쏘카
1101115535012,,김병훈,"서울특별시 송파구 올림픽로 300 36층(신천동, 롯데월드타워앤드롯데월드몰)",apr-in.com,,에이피알
1648110021208,,이동철,충남 아산시 음봉면 원남리 95-1번지,www.hanamicron.co.kr,,하나마이크론
1845110003290,,김종원,부산광역시 해운대구 센텀서로 66,dio.co.kr,,디오
1301110064351,,"홍성부, 김성덕 (공동대표이사)","경기도 수원시 권선구 정조로 340-2 (권선동, 에스와이빌딩)",www.sypanel.com,,에스와이
1601110001167,,한재규,대전광역시 대덕구 한밭대로 1027,wsgroup.co.kr,,우성
